user_id,create_no,create_time_text,first_time,first_corp,first_game_text,played_day,total_games,total_game_text,favorite_corp,fa_corp_times,fa_corp_rank,most_freq_play_time,favorite_time_text,avg_rank,avg_rank_text,avg_gens,avg_gen_text,highest_corp,highest_score,highest_gens,highest_sort,most_date,most_date_times,games_in_one_day_text,achievements
ender,2,作为登陆火星的先行者，你们为火星的建设奠定了坚实的基础！,2020年08月31日,Poseidon,愈战愈勇，砥砺前行,100,166,地球办公室向你颁发感动火星十大人物证书！,Manutech,12,1.5833333333333333,23,什么？还有不要睡觉的火星人？你是来自木星的吗？,1.8,你是出色的技术流！世界政府需要你这样的人才！,7.4,你改造拖拖两开花，进可过牌变魔术，退可标动打工人,Point Luna,151,9,22,2020年08月31日,2,时间管理大师非你莫属！,"年度第一综合实力
国服最强Manutech
"
文生,7,作为登陆火星的先行者，你们为火星的建设奠定了坚实的基础！,2020年10月06日,Lakefront Resorts,崭露头角，轻取桂冠,33,41,虽然玩得不多，但是改造委员会看到了你的诚意！,Valley Trust (breakthrough),4,1.75,23,什么？还有不要睡觉的火星人？你是来自木星的吗？,1.6,你是出色的技术流！世界政府需要你这样的人才！,8.1,你是如假包换的老拖拖，请问AI中心研究的反重力科技成果怎么样了？,Valley Trust (breakthrough),168,11,10,2020年10月06日,6,火星996说的就是你吧！,"年度第二综合实力
国服最强Valley Trust (breakthrough)
"
囧囧打人,296,作为火星的第二批居民，你们牵引了无数小行星让火星不再孤寂寒冷。,2021年02月20日,Aridor,崭露头角，轻取桂冠,128,177,地球办公室向你颁发感动火星十大人物证书！,UNMI (breakthrough),10,1.7,13,早起的火星人有牌抽！,2.0,你是出色的技术流！世界政府需要你这样的人才！,7.1,你是纯纯粹粹的改造党，火卫二不在的第N天，想她,Arklight (breakthrough),153,9,20,2021年02月20日,3,时间管理大师非你莫属！,"国服第十肝帝
年度第三综合实力
"
xixo,484,作为火星的第二批居民，你们牵引了无数小行星让火星不再孤寂寒冷。,2021年03月26日,Point Luna,崭露头角，轻取桂冠,43,50,虽然玩得不多，但是改造委员会看到了你的诚意！,Pobolog (breakthrough),6,1.6666666666666667,13,早起的火星人有牌抽！,1.9,你是出色的技术流！世界政府需要你这样的人才！,8.0,你改造拖拖两开花，进可过牌变魔术，退可标动打工人,Manutech,124,10,70,2021年03月26日,2,时间管理大师非你莫属！,"年度第四综合实力
国服最强Pobolog (breakthrough)
"
钝钝,60,作为登陆火星的先行者，你们为火星的建设奠定了坚实的基础！,2020年08月31日,Saturn Systems,愈战愈勇，砥砺前行,201,341,地球办公室向你颁发感动火星十大人物证书！,Point Luna,24,2.25,23,什么？还有不要睡觉的火星人？你是来自木星的吗？,2.0,你是出色的技术流！世界政府需要你这样的人才！,7.5,你改造拖拖两开花，进可过牌变魔术，退可标动打工人,Trade Navigator,208,8,3,2020年08月31日,6,火星996说的就是你吧！,"国服第三肝帝
年度第五综合实力
"
图拉套,3,作为登陆火星的先行者，你们为火星的建设奠定了坚实的基础！,2020年10月19日,Point Luna,小试牛刀，施精布略,24,29,虽然玩得不多，但是改造委员会看到了你的诚意！,Inventrix (breakthrough),5,2.0,23,什么？还有不要睡觉的火星人？你是来自木星的吗？,1.8,你是出色的技术流！世界政府需要你这样的人才！,8.4,你是如假包换的老拖拖，请问AI中心研究的反重力科技成果怎么样了？,Poseidon,143,10,33,2020年10月19日,3,时间管理大师非你莫属！,"年度第六综合实力
国服最强Inventrix (breakthrough)
"
misaki,4,作为登陆火星的先行者，你们为火星的建设奠定了坚实的基础！,2020年08月31日,Pharmacy Union,愈战愈勇，砥砺前行,210,444,地球办公室向你颁发感动火星十大人物证书！,Mining guild (breakthrough),33,1.93939393939394,23,什么？还有不要睡觉的火星人？你是来自木星的吗？,2.0,你是出色的技术流！世界政府需要你这样的人才！,7.8,你改造拖拖两开花，进可过牌变魔术，退可标动打工人,Point Luna,138,10,38,2020年08月31日,5,火星996说的就是你吧！,"国服第一肝帝
年度第七综合实力
"
掌柜的来了,988,作为火星的新兴势力，感谢你们为火星增添了几分绿意！,2021年06月24日,CrediCor,初出茅庐，志在千里,16,17,虽然玩得不多，但是改造委员会看到了你的诚意！,Labour Union,2,1.0,23,什么？还有不要睡觉的火星人？你是来自木星的吗？,1.6,你是出色的技术流！世界政府需要你这样的人才！,9.5,你是如假包换的老拖拖，请问AI中心研究的反重力科技成果怎么样了？,Celestic and ,115,12,93,2021年06月24日,2,时间管理大师非你莫属！,"年度第八综合实力
国服最强Labour Union
"
尼禄,124,作为火星的第二批居民，你们牵引了无数小行星让火星不再孤寂寒冷。,2021年07月01日,CrediCor,崭露头角，轻取桂冠,12,12,虽然玩得不多，但是改造委员会看到了你的诚意！,Point Luna,2,1.0,16,真是元气满满的火星人呢,1.5,你是出色的技术流！世界政府需要你这样的人才！,7.4,你改造拖拖两开花，进可过牌变魔术，退可标动打工人,Point Luna and Pobolog (breakthrough),128,9,56,2021年07月01日,1,哦，原来最多也只是开了一局啊，那没事了。,"年度第九综合实力
国服最强Point Luna
"
西瓜,782,作为火星的第二批居民，你们牵引了无数小行星让火星不再孤寂寒冷。,2020年08月31日,Mining guild (breakthrough),愈战愈勇，砥砺前行,54,110,改造委员会宣布你是火星年度劳模！,Manutech,15,2.066666666666667,23,什么？还有不要睡觉的火星人？你是来自木星的吗？,2.0,你是出色的技术流！世界政府需要你这样的人才！,8.0,你改造拖拖两开花，进可过牌变魔术，退可标动打工人,Manutech,154,9,18,2020年08月31日,3,时间管理大师非你莫属！,"年度第十综合实力
"
风风,110,作为火星的第二批居民，你们牵引了无数小行星让火星不再孤寂寒冷。,2021年01月12日,Pobolog (breakthrough),愈战愈勇，砥砺前行,42,44,虽然玩得不多，但是改造委员会看到了你的诚意！,Vitor,7,2.2857142857142856,21,真是元气满满的火星人呢,2.0,你是出色的技术流！世界政府需要你这样的人才！,8.0,你改造拖拖两开花，进可过牌变魔术，退可标动打工人,Vitor,193,10,4,2021年01月12日,3,时间管理大师非你莫属！,火星打工人
kino,1,作为登陆火星的先行者，你们为火星的建设奠定了坚实的基础！,2020年08月31日,Point Luna,愈战愈勇，砥砺前行,9,26,虽然玩得不多，但是改造委员会看到了你的诚意！,Inventrix (breakthrough),4,2.0,23,什么？还有不要睡觉的火星人？你是来自木星的吗？,1.9,你是出色的技术流！世界政府需要你这样的人才！,8.7,你是如假包换的老拖拖，请问AI中心研究的反重力科技成果怎么样了？,Inventrix (breakthrough),184,12,6,2020年08月31日,1,哦，原来最多也只是开了一局啊，那没事了。,火星打工人
wee0815,396,作为火星的第二批居民，你们牵引了无数小行星让火星不再孤寂寒冷。,2021年04月13日,Point Luna,崭露头角，轻取桂冠,23,26,虽然玩得不多，但是改造委员会看到了你的诚意！,Philares,3,1.3333333333333333,17,真是元气满满的火星人呢,2.0,你是出色的技术流！世界政府需要你这样的人才！,7.7,你改造拖拖两开花，进可过牌变魔术，退可标动打工人,Polyphemos,116,10,90,2021年04月13日,2,时间管理大师非你莫属！,"国服最强Philares
"
小音,909,作为火星的新兴势力，感谢你们为火星增添了几分绿意！,2021年05月31日,Poseidon,愈战愈勇，砥砺前行,9,10,火星好寂寞，下次记得多陪陪人家~,Chaos,1,1.0,0,什么？还有不要睡觉的火星人？你是来自木星的吗？,1.6,你是出色的技术流！世界政府需要你这样的人才！,9.6,你是如假包换的老拖拖，请问AI中心研究的反重力科技成果怎么样了？,Thorgate,114,12,94,2021年05月31日,2,时间管理大师非你莫属！,"国服最强Chaos
"
yukikaze,642,作为火星的第二批居民，你们牵引了无数小行星让火星不再孤寂寒冷。,2021年04月24日,Chaos,愈战愈勇，砥砺前行,59,81,改造委员会宣布你是火星年度劳模！,Point Luna,8,2.0,0,什么？还有不要睡觉的火星人？你是来自木星的吗？,2.1,运气总是起起落落落落落落，我懂你！,7.6,你改造拖拖两开花，进可过牌变魔术，退可标动打工人,Vitor,148,10,26,2021年04月24日,4,火星996说的就是你吧！,火星打工人
17826818782,942,作为火星的新兴势力，感谢你们为火星增添了几分绿意！,2021年06月14日,CrediCor,崭露头角，轻取桂冠,17,18,虽然玩得不多，但是改造委员会看到了你的诚意！,Junk Ventures,2,2.0,23,什么？还有不要睡觉的火星人？你是来自木星的吗？,1.9,你是出色的技术流！世界政府需要你这样的人才！,9.4,你是如假包换的老拖拖，请问AI中心研究的反重力科技成果怎么样了？,Celestic (breakthrough) and ,114,11,96,2021年06月14日,2,时间管理大师非你莫属！,"国服最强Junk Ventures
"
小z,71,作为登陆火星的先行者，你们为火星的建设奠定了坚实的基础！,2020年08月31日,Aridor,愈战愈勇，砥砺前行,32,37,虽然玩得不多，但是改造委员会看到了你的诚意！,Poseidon,4,2.0,21,真是元气满满的火星人呢,2.1,运气总是起起落落落落落落，我懂你！,8.1,你是如假包换的老拖拖，请问AI中心研究的反重力科技成果怎么样了？,Point Luna,174,9,8,2020年08月31日,2,时间管理大师非你莫属！,火星打工人
乙木,17,作为登陆火星的先行者，你们为火星的建设奠定了坚实的基础！,2020年08月31日,Manutech,初出茅庐，志在千里,201,410,地球办公室向你颁发感动火星十大人物证书！,Point Luna,34,2.3823529411764706,23,什么？还有不要睡觉的火星人？你是来自木星的吗？,2.3,运气总是起起落落落落落落，我懂你！,8.0,你改造拖拖两开花，进可过牌变魔术，退可标动打工人,Chaos,225,10,1,2020年08月31日,5,火星996说的就是你吧！,"国服第二肝帝
"
冲锋,14,作为登陆火星的先行者，你们为火星的建设奠定了坚实的基础！,2020年12月05日,Poseidon,崭露头角，轻取桂冠,1,7,火星好寂寞，下次记得多陪陪人家~,Poseidon,3,1.3333333333333333,23,什么？还有不要睡觉的火星人？你是来自木星的吗？,1.6,你是出色的技术流！世界政府需要你这样的人才！,9.1,你是如假包换的老拖拖，请问AI中心研究的反重力科技成果怎么样了？,Pristar,100,10,131,2020年12月05日,7,火星996说的就是你吧！,"国服最强Poseidon
"
zyd,815,作为火星的新兴势力，感谢你们为火星增添了几分绿意！,2021年04月20日,Helion,崭露头角，轻取桂冠,6,7,火星好寂寞，下次记得多陪陪人家~,EcoLine,1,1.0,0,什么？还有不要睡觉的火星人？你是来自木星的吗？,1.6,你是出色的技术流！世界政府需要你这样的人才！,9.3,你是如假包换的老拖拖，请问AI中心研究的反重力科技成果怎么样了？,Robinson Industries,90,10,164,2021年04月20日,2,时间管理大师非你莫属！,"国服最强EcoLine
"
franklinchan,5,作为登陆火星的先行者，你们为火星的建设奠定了坚实的基础！,2020年08月31日,Septem Tribus,崭露头角，轻取桂冠,193,335,地球办公室向你颁发感动火星十大人物证书！,Manutech,25,2.4,23,什么？还有不要睡觉的火星人？你是来自木星的吗？,2.3,运气总是起起落落落落落落，我懂你！,7.6,你改造拖拖两开花，进可过牌变魔术，退可标动打工人,Id Front,144,9,31,2020年08月31日,4,火星996说的就是你吧！,"国服第四肝帝
"
ddxy,136,作为火星的第二批居民，你们牵引了无数小行星让火星不再孤寂寒冷。,2020年08月31日,Point Luna,初出茅庐，志在千里,120,198,地球办公室向你颁发感动火星十大人物证书！,Point Luna,14,2.642857142857143,23,什么？还有不要睡觉的火星人？你是来自木星的吗？,2.3,运气总是起起落落落落落落，我懂你！,7.4,你改造拖拖两开花，进可过牌变魔术，退可标动打工人,Trade Navigator,175,8,7,2020年08月31日,5,火星996说的就是你吧！,"国服第六肝帝
"
方芳,47,作为登陆火星的先行者，你们为火星的建设奠定了坚实的基础！,2020年08月31日,Poseidon,愈战愈勇，砥砺前行,42,48,虽然玩得不多，但是改造委员会看到了你的诚意！,Poseidon,7,2.571428571428572,13,早起的火星人有牌抽！,2.2,运气总是起起落落落落落落，我懂你！,8.0,你改造拖拖两开花，进可过牌变魔术，退可标动打工人,Vitor,153,11,19,2020年08月31日,2,时间管理大师非你莫属！,火星打工人
二羊,80,作为登陆火星的先行者，你们为火星的建设奠定了坚实的基础！,2020年08月31日,Teractor (breakthrough),初出茅庐，志在千里,13,68,改造委员会宣布你是火星年度劳模！,Celestic (breakthrough),5,2.0,23,什么？还有不要睡觉的火星人？你是来自木星的吗？,2.3,运气总是起起落落落落落落，我懂你！,8.2,你是如假包换的老拖拖，请问AI中心研究的反重力科技成果怎么样了？,Vitor,126,10,64,2020年08月31日,2,时间管理大师非你莫属！,"国服最强Celestic (breakthrough)
"
joe,1031,作为火星的新兴势力，感谢你们为火星增添了几分绿意！,2021年06月21日,Pharmacy Union,崭露头角，轻取桂冠,12,14,虽然玩得不多，但是改造委员会看到了你的诚意！,Saturn Systems,3,2.6666666666666665,12,早起的火星人有牌抽！,2.0,你是出色的技术流！世界政府需要你这样的人才！,8.2,你是如假包换的老拖拖，请问AI中心研究的反重力科技成果怎么样了？,Arcadian Communities (breakthrough) and ,121,10,76,2021年06月21日,2,时间管理大师非你莫属！,火星打工人
🐴 r,613,作为火星的第二批居民，你们牵引了无数小行星让火星不再孤寂寒冷。,2021年04月06日,Philares,愈战愈勇，砥砺前行,11,12,虽然玩得不多，但是改造委员会看到了你的诚意！,Point Luna,2,1.5,21,真是元气满满的火星人呢,2.0,你是出色的技术流！世界政府需要你这样的人才！,8.3,你是如假包换的老拖拖，请问AI中心研究的反重力科技成果怎么样了？,Manutech,158,10,12,2021年04月06日,2,时间管理大师非你莫属！,火星打工人
天使,9,作为登陆火星的先行者，你们为火星的建设奠定了坚实的基础！,2020年11月22日,Viron (breakthrough),小试牛刀，施精布略,11,12,虽然玩得不多，但是改造委员会看到了你的诚意！,Lakefront Resorts,2,2.5,23,什么？还有不要睡觉的火星人？你是来自木星的吗？,2.0,你是出色的技术流！世界政府需要你这样的人才！,6.6,你是纯纯粹粹的改造党，火卫二不在的第N天，想她,Point Luna,88,7,168,2020年11月22日,2,时间管理大师非你莫属！,"国服第八改造党
"
张耀东,840,作为火星的新兴势力，感谢你们为火星增添了几分绿意！,2021年04月30日,PhoboLog,崭露头角，轻取桂冠,9,9,火星好寂寞，下次记得多陪陪人家~,Ecoline (breakthrough),2,1.0,0,什么？还有不要睡觉的火星人？你是来自木星的吗？,1.9,你是出色的技术流！世界政府需要你这样的人才！,8.2,你是如假包换的老拖拖，请问AI中心研究的反重力科技成果怎么样了？,Point Luna,148,9,25,2021年04月30日,1,哦，原来最多也只是开了一局啊，那没事了。,"国服最强Ecoline (breakthrough)
"
cl,1061,作为火星的新兴势力，感谢你们为火星增添了几分绿意！,2020年08月31日,Valley Trust,初出茅庐，志在千里,34,39,虽然玩得不多，但是改造委员会看到了你的诚意！,Valley Trust,4,2.5,23,什么？还有不要睡觉的火星人？你是来自木星的吗？,2.3,运气总是起起落落落落落落，我懂你！,9.3,你是如假包换的老拖拖，请问AI中心研究的反重力科技成果怎么样了？,Terralabs Research,118,11,86,2020年08月31日,3,时间管理大师非你莫属！,火星打工人
ghsap,920,作为火星的新兴势力，感谢你们为火星增添了几分绿意！,2021年06月11日,MorningStar Inc (breakthrough),小试牛刀，施精布略,9,10,火星好寂寞，下次记得多陪陪人家~,Tharsis_republic (breakthrough),2,2.5,0,什么？还有不要睡觉的火星人？你是来自木星的吗？,2.0,你是出色的技术流！世界政府需要你这样的人才！,8.2,你是如假包换的老拖拖，请问AI中心研究的反重力科技成果怎么样了？,Point Luna and Robinson Industries (breakthrough),146,8,28,2021年06月11日,2,时间管理大师非你莫属！,"国服最强Tharsis_republic (breakthrough)
"
wu,976,作为火星的新兴势力，感谢你们为火星增添了几分绿意！,2021年02月25日,United Nations Mars Initiative,初出茅庐，志在千里,5,5,火星好寂寞，下次记得多陪陪人家~,United Nations Mars Initiative,2,2.5,22,什么？还有不要睡觉的火星人？你是来自木星的吗？,1.6,你是出色的技术流！世界政府需要你这样的人才！,10.0,你是如假包换的老拖拖，请问AI中心研究的反重力科技成果怎么样了？,Valley Trust,96,10,143,2021年02月25日,1,哦，原来最多也只是开了一局啊，那没事了。,火星打工人
aipotu,652,作为火星的第二批居民，你们牵引了无数小行星让火星不再孤寂寒冷。,2021年04月20日,Helion,初出茅庐，志在千里,19,26,虽然玩得不多，但是改造委员会看到了你的诚意！,Ecoline (breakthrough),2,1.5,4,什么？还有不要睡觉的火星人？你是来自木星的吗？,2.3,运气总是起起落落落落落落，我懂你！,8.0,你改造拖拖两开花，进可过牌变魔术，退可标动打工人,Pristar,145,11,29,2021年04月20日,3,时间管理大师非你莫属！,火星打工人
aptx4869,727,作为火星的第二批居民，你们牵引了无数小行星让火星不再孤寂寒冷。,2021年03月17日,Thorgate (breakthrough),小试牛刀，施精布略,36,41,虽然玩得不多，但是改造委员会看到了你的诚意！,Poseidon,4,2.0,23,什么？还有不要睡觉的火星人？你是来自木星的吗？,2.3,运气总是起起落落落落落落，我懂你！,7.9,你改造拖拖两开花，进可过牌变魔术，退可标动打工人,Septem Tribus,129,10,55,2021年03月17日,2,时间管理大师非你莫属！,火星打工人
ryan,56,作为登陆火星的先行者，你们为火星的建设奠定了坚实的基础！,2020年08月31日,Point Luna,小试牛刀，施精布略,70,124,地球办公室向你颁发感动火星十大人物证书！,Point Luna,16,1.9375,23,什么？还有不要睡觉的火星人？你是来自木星的吗？,2.4,运气总是起起落落落落落落，我懂你！,8.2,你是如假包换的老拖拖，请问AI中心研究的反重力科技成果怎么样了？,Point Luna,155,10,15,2020年08月31日,3,时间管理大师非你莫属！,"国服最强Point Luna
"
黄鸡,34,作为登陆火星的先行者，你们为火星的建设奠定了坚实的基础！,2020年08月31日,Poseidon,初出茅庐，志在千里,11,33,虽然玩得不多，但是改造委员会看到了你的诚意！,Manutech,4,2.25,23,什么？还有不要睡觉的火星人？你是来自木星的吗？,2.3,运气总是起起落落落落落落，我懂你！,7.9,你改造拖拖两开花，进可过牌变魔术，退可标动打工人,Valley Trust (breakthrough),124,7,68,2020年08月31日,7,火星996说的就是你吧！,火星打工人
阿尔,295,作为火星的第二批居民，你们牵引了无数小行星让火星不再孤寂寒冷。,2021年02月25日,UNMI (breakthrough),初出茅庐，志在千里,104,180,地球办公室向你颁发感动火星十大人物证书！,Point Luna,15,2.466666666666667,14,早起的火星人有牌抽！,2.4,运气总是起起落落落落落落，我懂你！,7.3,你改造拖拖两开花，进可过牌变魔术，退可标动打工人,Terralabs Research (breakthrough),147,8,27,2021年02月25日,4,火星996说的就是你吧！,"国服第八肝帝
"
老王,1200,作为火星的新兴势力，感谢你们为火星增添了几分绿意！,2020年08月31日,Teractor (breakthrough),崭露头角，轻取桂冠,22,28,虽然玩得不多，但是改造委员会看到了你的诚意！,Vitor,3,1.6666666666666667,23,什么？还有不要睡觉的火星人？你是来自木星的吗？,2.3,运气总是起起落落落落落落，我懂你！,8.7,你是如假包换的老拖拖，请问AI中心研究的反重力科技成果怎么样了？,Stormcraft Incorporated,124,11,69,2020年08月31日,7,火星996说的就是你吧！,"国服最强Vitor
"
九方蠡,262,作为火星的第二批居民，你们牵引了无数小行星让火星不再孤寂寒冷。,2021年03月09日,Terralabs Research (breakthrough),愈战愈勇，砥砺前行,54,83,改造委员会宣布你是火星年度劳模！,Mining guild (breakthrough),5,1.4,23,什么？还有不要睡觉的火星人？你是来自木星的吗？,2.4,运气总是起起落落落落落落，我懂你！,7.7,你改造拖拖两开花，进可过牌变魔术，退可标动打工人,Inventrix (breakthrough),136,9,41,2021年03月09日,3,时间管理大师非你莫属！,"国服最强Mining guild (breakthrough)
"
jack,997,作为火星的新兴势力，感谢你们为火星增添了几分绿意！,2021年02月28日,Factorum,小试牛刀，施精布略,12,12,虽然玩得不多，但是改造委员会看到了你的诚意！,Celestic (breakthrough),1,4.0,14,早起的火星人有牌抽！,2.2,运气总是起起落落落落落落，我懂你！,8.9,你是如假包换的老拖拖，请问AI中心研究的反重力科技成果怎么样了？,Robinson Industries,99,10,136,2021年02月28日,1,哦，原来最多也只是开了一局啊，那没事了。,火星打工人
暗翼,582,作为火星的第二批居民，你们牵引了无数小行星让火星不再孤寂寒冷。,2021年05月16日,Poseidon,崭露头角，轻取桂冠,3,3,火星好寂寞，下次记得多陪陪人家~,Poseidon,2,1.0,3,什么？还有不要睡觉的火星人？你是来自木星的吗？,1.3,你是出色的技术流！世界政府需要你这样的人才！,9.0,你是如假包换的老拖拖，请问AI中心研究的反重力科技成果怎么样了？,Poseidon,130,9,53,2021年05月16日,1,哦，原来最多也只是开了一局啊，那没事了。,火星打工人
请叫我堇老师,746,作为火星的第二批居民，你们牵引了无数小行星让火星不再孤寂寒冷。,2021年05月06日,Saturn Systems,崭露头角，轻取桂冠,3,3,火星好寂寞，下次记得多陪陪人家~,Point Luna,1,1.0,1,什么？还有不要睡觉的火星人？你是来自木星的吗？,1.3,你是出色的技术流！世界政府需要你这样的人才！,8.7,你是如假包换的老拖拖，请问AI中心研究的反重力科技成果怎么样了？,Saturn Systems,87,8,173,2021年05月06日,1,哦，原来最多也只是开了一局啊，那没事了。,火星打工人
mosquito,78,作为登陆火星的先行者，你们为火星的建设奠定了坚实的基础！,2020年11月21日,Cheung Shing MARS,初出茅庐，志在千里,88,115,改造委员会宣布你是火星年度劳模！,UNMI (breakthrough),7,1.5714285714285714,13,早起的火星人有牌抽！,2.4,运气总是起起落落落落落落，我懂你！,7.9,你改造拖拖两开花，进可过牌变魔术，退可标动打工人,Splice (breakthrough),111,11,106,2020年11月21日,3,时间管理大师非你莫属！,"国服最强UNMI (breakthrough)
"
owl,16,作为登陆火星的先行者，你们为火星的建设奠定了坚实的基础！,2020年08月31日,Vitor,初出茅庐，志在千里,34,37,虽然玩得不多，但是改造委员会看到了你的诚意！,Inventrix (breakthrough),5,2.8,0,什么？还有不要睡觉的火星人？你是来自木星的吗？,2.4,运气总是起起落落落落落落，我懂你！,8.4,你是如假包换的老拖拖，请问AI中心研究的反重力科技成果怎么样了？,Aristarchus,132,9,47,2020年08月31日,2,时间管理大师非你莫属！,火星打工人
小麦,703,作为火星的第二批居民，你们牵引了无数小行星让火星不再孤寂寒冷。,2020年11月06日,Pharmacy Union,小试牛刀，施精布略,140,210,地球办公室向你颁发感动火星十大人物证书！,Point Luna,12,2.75,13,早起的火星人有牌抽！,2.5,运气总是起起落落落落落落，我懂你！,7.4,你改造拖拖两开花，进可过牌变魔术，退可标动打工人,Manutech,185,8,5,2020年11月06日,4,火星996说的就是你吧！,"国服第五肝帝
"
ss,95,作为登陆火星的先行者，你们为火星的建设奠定了坚实的基础！,2020年12月17日,Mining guild (breakthrough),崭露头角，轻取桂冠,2,2,火星好寂寞，下次记得多陪陪人家~,Celestic (breakthrough),1,1.0,13,早起的火星人有牌抽！,1.0,你是出色的技术流！世界政府需要你这样的人才！,9.0,你是如假包换的老拖拖，请问AI中心研究的反重力科技成果怎么样了？,Mining guild (breakthrough),103,9,123,2020年12月17日,1,哦，原来最多也只是开了一局啊，那没事了。,"国服最强Celestic (breakthrough)
"
安逸,1234,作为火星的新兴势力，感谢你们为火星增添了几分绿意！,2021年03月31日,Saturn Systems,崭露头角，轻取桂冠,2,2,火星好寂寞，下次记得多陪陪人家~,Inventrix,1,1.0,1,什么？还有不要睡觉的火星人？你是来自木星的吗？,1.0,你是出色的技术流！世界政府需要你这样的人才！,9.0,你是如假包换的老拖拖，请问AI中心研究的反重力科技成果怎么样了？,Inventrix,99,9,137,2021年03月31日,1,哦，原来最多也只是开了一局啊，那没事了。,"国服最强Inventrix
"
万丈千明,495,作为火星的第二批居民，你们牵引了无数小行星让火星不再孤寂寒冷。,2021年05月13日,Philares,崭露头角，轻取桂冠,2,2,火星好寂寞，下次记得多陪陪人家~,Philares,1,1.0,0,什么？还有不要睡觉的火星人？你是来自木星的吗？,1.0,你是出色的技术流！世界政府需要你这样的人才！,9.0,你是如假包换的老拖拖，请问AI中心研究的反重力科技成果怎么样了？,Philares,89,9,165,2021年05月13日,1,哦，原来最多也只是开了一局啊，那没事了。,火星打工人
乐多,82,作为登陆火星的先行者，你们为火星的建设奠定了坚实的基础！,2020年10月05日,Inventrix (breakthrough),小试牛刀，施精布略,53,80,改造委员会宣布你是火星年度劳模！,Celestic (breakthrough),6,2.833333333333333,17,真是元气满满的火星人呢,2.5,运气总是起起落落落落落落，我懂你！,7.8,你改造拖拖两开花，进可过牌变魔术，退可标动打工人,Teractor (breakthrough),114,9,99,2020年10月05日,3,时间管理大师非你莫属！,火星打工人
invokercat,669,作为火星的第二批居民，你们牵引了无数小行星让火星不再孤寂寒冷。,2021年07月26日,Factorum,崭露头角，轻取桂冠,2,2,火星好寂寞，下次记得多陪陪人家~,Factorum,1,1.0,16,真是元气满满的火星人呢,1.0,你是出色的技术流！世界政府需要你这样的人才！,8.0,你改造拖拖两开花，进可过牌变魔术，退可标动打工人,Factorum and ,92,9,157,2021年07月26日,1,哦，原来最多也只是开了一局啊，那没事了。,"国服最强Factorum
"
jooe,648,作为火星的第二批居民，你们牵引了无数小行星让火星不再孤寂寒冷。,2021年04月19日,Pharmacy Union,小试牛刀，施精布略,33,45,虽然玩得不多，但是改造委员会看到了你的诚意！,Point Luna,6,3.0,19,真是元气满满的火星人呢,2.4,运气总是起起落落落落落落，我懂你！,8.1,你是如假包换的老拖拖，请问AI中心研究的反重力科技成果怎么样了？,Polyphemos (breakthrough),118,10,87,2021年04月19日,2,时间管理大师非你莫属！,火星打工人
无情的命运,437,作为火星的第二批居民，你们牵引了无数小行星让火星不再孤寂寒冷。,2021年03月17日,Pobolog (breakthrough),崭露头角，轻取桂冠,21,23,虽然玩得不多，但是改造委员会看到了你的诚意！,Poseidon,3,2.0,0,什么？还有不要睡觉的火星人？你是来自木星的吗？,2.4,运气总是起起落落落落落落，我懂你！,8.0,你改造拖拖两开花，进可过牌变魔术，退可标动打工人,Valley Trust (breakthrough),121,10,75,2021年03月17日,2,时间管理大师非你莫属！,火星打工人
gxz,868,作为火星的新兴势力，感谢你们为火星增添了几分绿意！,2021年05月23日,Tharsis Republic,崭露头角，轻取桂冠,9,9,火星好寂寞，下次记得多陪陪人家~,Aridor,1,1.0,23,什么？还有不要睡觉的火星人？你是来自木星的吗？,2.2,运气总是起起落落落落落落，我懂你！,9.0,你是如假包换的老拖拖，请问AI中心研究的反重力科技成果怎么样了？,Teractor (breakthrough),154,9,16,2021年05月23日,1,哦，原来最多也只是开了一局啊，那没事了。,"国服最强Aridor
"
fklmgj,64,作为登陆火星的先行者，你们为火星的建设奠定了坚实的基础！,2021年01月04日,Helion,初出茅庐，志在千里,7,7,火星好寂寞，下次记得多陪陪人家~,Point Luna,2,2.5,0,什么？还有不要睡觉的火星人？你是来自木星的吗？,2.1,运气总是起起落落落落落落，我懂你！,9.9,你是如假包换的老拖拖，请问AI中心研究的反重力科技成果怎么样了？,PhoboLog,157,13,14,2021年01月04日,1,哦，原来最多也只是开了一局啊，那没事了。,火星打工人
王子,1010,作为火星的新兴势力，感谢你们为火星增添了几分绿意！,2021年03月31日,Vitor,小试牛刀，施精布略,6,7,火星好寂寞，下次记得多陪陪人家~,PhoboLog,2,3.0,0,什么？还有不要睡觉的火星人？你是来自木星的吗？,2.1,运气总是起起落落落落落落，我懂你！,9.0,你是如假包换的老拖拖，请问AI中心研究的反重力科技成果怎么样了？,Valley Trust,149,10,24,2021年03月31日,2,时间管理大师非你莫属！,火星打工人
尼古拉耶维基,1140,作为火星的新兴势力，感谢你们为火星增添了几分绿意！,2021年07月12日,Splice (breakthrough),小试牛刀，施精布略,42,96,改造委员会宣布你是火星年度劳模！,Point Luna,8,2.75,13,早起的火星人有牌抽！,2.5,运气总是起起落落落落落落，我懂你！,6.5,你是纯纯粹粹的改造党，火卫二不在的第N天，想她,Id Front and Viron (breakthrough),130,8,52,2021年07月12日,5,火星996说的就是你吧！,"国服第七改造党
"
black_uuz,230,作为火星的第二批居民，你们牵引了无数小行星让火星不再孤寂寒冷。,2021年05月01日,United Nations Mission One,小试牛刀，施精布略,3,3,火星好寂寞，下次记得多陪陪人家~,Point Luna,1,1.0,22,什么？还有不要睡觉的火星人？你是来自木星的吗？,1.7,你是出色的技术流！世界政府需要你这样的人才！,7.3,你改造拖拖两开花，进可过牌变魔术，退可标动打工人,Point Luna,70,7,249,2021年05月01日,1,哦，原来最多也只是开了一局啊，那没事了。,火星打工人
小企鹅,67,作为登陆火星的先行者，你们为火星的建设奠定了坚实的基础！,2021年07月05日,MorningStar Inc (breakthrough),崭露头角，轻取桂冠,3,3,火星好寂寞，下次记得多陪陪人家~,CrediCor,2,2.0,0,什么？还有不要睡觉的火星人？你是来自木星的吗？,1.7,你是出色的技术流！世界政府需要你这样的人才！,7.7,你改造拖拖两开花，进可过牌变魔术，退可标动打工人,CrediCor and Chaos,106,9,117,2021年07月05日,1,哦，原来最多也只是开了一局啊，那没事了。,火星打工人
psycho,1081,作为火星的新兴势力，感谢你们为火星增添了几分绿意！,2021年06月29日,Mining Guild,初出茅庐，志在千里,3,3,火星好寂寞，下次记得多陪陪人家~,Mining Guild,1,3.0,1,什么？还有不要睡觉的火星人？你是来自木星的吗？,1.7,你是出色的技术流！世界政府需要你这样的人才！,10.7,你是如假包换的老拖拖，请问AI中心研究的反重力科技成果怎么样了？,Teractor and ,127,12,61,2021年06月29日,1,哦，原来最多也只是开了一局啊，那没事了。,火星打工人
紫苑寺无良,757,作为火星的第二批居民，你们牵引了无数小行星让火星不再孤寂寒冷。,2021年05月10日,Cheung Shing MARS,崭露头角，轻取桂冠,3,3,火星好寂寞，下次记得多陪陪人家~,Cheung Shing MARS,1,1.0,1,什么？还有不要睡觉的火星人？你是来自木星的吗？,1.7,你是出色的技术流！世界政府需要你这样的人才！,8.3,你是如假包换的老拖拖，请问AI中心研究的反重力科技成果怎么样了？,Cheung Shing MARS,94,9,150,2021年05月10日,1,哦，原来最多也只是开了一局啊，那没事了。,"国服最强Cheung Shing MARS
"
ldxbr,453,作为火星的第二批居民，你们牵引了无数小行星让火星不再孤寂寒冷。,2021年05月10日,Celestic (breakthrough),崭露头角，轻取桂冠,3,3,火星好寂寞，下次记得多陪陪人家~,Celestic (breakthrough),1,1.0,0,什么？还有不要睡觉的火星人？你是来自木星的吗？,1.7,你是出色的技术流！世界政府需要你这样的人才！,8.0,你改造拖拖两开花，进可过牌变魔术，退可标动打工人,Polyphemos (breakthrough),98,8,141,2021年05月10日,1,哦，原来最多也只是开了一局啊，那没事了。,"国服最强Celestic (breakthrough)
"
xu,1100,作为火星的新兴势力，感谢你们为火星增添了几分绿意！,2020年12月17日,Point Luna,小试牛刀，施精布略,3,3,火星好寂寞，下次记得多陪陪人家~,Point Luna,2,1.5,13,早起的火星人有牌抽！,1.7,你是出色的技术流！世界政府需要你这样的人才！,9.0,你是如假包换的老拖拖，请问AI中心研究的反重力科技成果怎么样了？,Point Luna,172,9,9,2020年12月17日,1,哦，原来最多也只是开了一局啊，那没事了。,火星打工人
hehe,924,作为火星的新兴势力，感谢你们为火星增添了几分绿意！,2021年05月03日,Vitor,崭露头角，轻取桂冠,3,3,火星好寂寞，下次记得多陪陪人家~,Poseidon,1,1.0,13,早起的火星人有牌抽！,1.7,你是出色的技术流！世界政府需要你这样的人才！,9.0,你是如假包换的老拖拖，请问AI中心研究的反重力科技成果怎么样了？,Vitor,114,9,98,2021年05月03日,1,哦，原来最多也只是开了一局啊，那没事了。,火星打工人
flyingfish,655,作为火星的第二批居民，你们牵引了无数小行星让火星不再孤寂寒冷。,2021年04月21日,Pobolog (breakthrough),小试牛刀，施精布略,3,3,火星好寂寞，下次记得多陪陪人家~,Mining guild (breakthrough),1,2.0,1,什么？还有不要睡觉的火星人？你是来自木星的吗？,1.7,你是出色的技术流！世界政府需要你这样的人才！,9.0,你是如假包换的老拖拖，请问AI中心研究的反重力科技成果怎么样了？,Saturn Systems,92,10,154,2021年04月21日,1,哦，原来最多也只是开了一局啊，那没事了。,火星打工人
toutou,676,作为火星的第二批居民，你们牵引了无数小行星让火星不再孤寂寒冷。,2021年04月26日,Thorgate (breakthrough),初出茅庐，志在千里,5,8,火星好寂寞，下次记得多陪陪人家~,Inventrix (breakthrough),1,1.0,1,什么？还有不要睡觉的火星人？你是来自木星的吗？,2.2,运气总是起起落落落落落落，我懂你！,7.8,你改造拖拖两开花，进可过牌变魔术，退可标动打工人,Inventrix (breakthrough),106,9,116,2021年04月26日,3,时间管理大师非你莫属！,"国服最强Inventrix (breakthrough)
"
apex,811,作为火星的新兴势力，感谢你们为火星增添了几分绿意！,2021年05月15日,Pobolog (breakthrough),愈战愈勇，砥砺前行,8,8,火星好寂寞，下次记得多陪陪人家~,Point Luna,2,1.5,0,什么？还有不要睡觉的火星人？你是来自木星的吗？,2.2,运气总是起起落落落落落落，我懂你！,7.9,你改造拖拖两开花，进可过牌变魔术，退可标动打工人,Pharmacy Union,90,8,161,2021年05月15日,1,哦，原来最多也只是开了一局啊，那没事了。,火星打工人
dwb,654,作为火星的第二批居民，你们牵引了无数小行星让火星不再孤寂寒冷。,2021年04月20日,Factorum,愈战愈勇，砥砺前行,39,90,改造委员会宣布你是火星年度劳模！,Manutech,5,2.2,19,真是元气满满的火星人呢,2.5,运气总是起起落落落落落落，我懂你！,7.6,你改造拖拖两开花，进可过牌变魔术，退可标动打工人,Aristarchus,144,10,30,2021年04月20日,5,火星996说的就是你吧！,火星打工人
zbj,650,作为火星的第二批居民，你们牵引了无数小行星让火星不再孤寂寒冷。,2021年04月20日,PhoboLog,小试牛刀，施精布略,5,6,火星好寂寞，下次记得多陪陪人家~,Inventrix,3,2.6666666666666665,0,什么？还有不要睡觉的火星人？你是来自木星的吗？,2.2,运气总是起起落落落落落落，我懂你！,9.5,你是如假包换的老拖拖，请问AI中心研究的反重力科技成果怎么样了？,Inventrix,85,10,184,2021年04月20日,2,时间管理大师非你莫属！,火星打工人
匆匆,132,作为火星的第二批居民，你们牵引了无数小行星让火星不再孤寂寒冷。,2020年11月07日,Factorum (breakthrough),愈战愈勇，砥砺前行,50,83,改造委员会宣布你是火星年度劳模！,Point Luna,9,2.0,23,什么？还有不要睡觉的火星人？你是来自木星的吗？,2.5,运气总是起起落落落落落落，我懂你！,8.1,你是如假包换的老拖拖，请问AI中心研究的反重力科技成果怎么样了？,Terralabs Research (breakthrough),220,13,2,2020年11月07日,3,时间管理大师非你莫属！,火星打工人
bulez00,1080,作为火星的新兴势力，感谢你们为火星增添了几分绿意！,2021年06月29日,Helion,小试牛刀，施精布略,4,4,火星好寂寞，下次记得多陪陪人家~,Helion,2,2.5,1,什么？还有不要睡觉的火星人？你是来自木星的吗？,2.0,你是出色的技术流！世界政府需要你这样的人才！,10.5,你是如假包换的老拖拖，请问AI中心研究的反重力科技成果怎么样了？,Helion and ,87,12,175,2021年06月29日,1,哦，原来最多也只是开了一局啊，那没事了。,"国服最强Helion
"
奶牛,84,作为登陆火星的先行者，你们为火星的建设奠定了坚实的基础！,2020年11月11日,Celestic (breakthrough),愈战愈勇，砥砺前行,113,179,地球办公室向你颁发感动火星十大人物证书！,Manutech,11,2.5454545454545454,21,真是元气满满的火星人呢,2.6,运气总是起起落落落落落落，我懂你！,7.5,你改造拖拖两开花，进可过牌变魔术，退可标动打工人,Point Luna,123,7,71,2020年11月11日,6,火星996说的就是你吧！,"国服第九肝帝
"
无语,22,作为登陆火星的先行者，你们为火星的建设奠定了坚实的基础！,2020年08月31日,Teractor (breakthrough),小试牛刀，施精布略,53,189,地球办公室向你颁发感动火星十大人物证书！,Point Luna,23,2.347826086956522,23,什么？还有不要睡觉的火星人？你是来自木星的吗？,2.6,运气总是起起落落落落落落，我懂你！,8.5,你是如假包换的老拖拖，请问AI中心研究的反重力科技成果怎么样了？,Poseidon,154,9,17,2020年08月31日,3,时间管理大师非你莫属！,"国服第七肝帝
"
yk,793,作为火星的第二批居民，你们牵引了无数小行星让火星不再孤寂寒冷。,2021年05月17日,Vitor,小试牛刀，施精布略,2,2,火星好寂寞，下次记得多陪陪人家~,Valley Trust,1,1.0,22,什么？还有不要睡觉的火星人？你是来自木星的吗？,1.5,你是出色的技术流！世界政府需要你这样的人才！,9.5,你是如假包换的老拖拖，请问AI中心研究的反重力科技成果怎么样了？,Valley Trust,88,10,171,2021年05月17日,1,哦，原来最多也只是开了一局啊，那没事了。,"国服最强Valley Trust
"
769991388,30,作为登陆火星的先行者，你们为火星的建设奠定了坚实的基础！,2020年12月05日,EcoLine,小试牛刀，施精布略,2,2,火星好寂寞，下次记得多陪陪人家~,EcoLine,1,2.0,22,什么？还有不要睡觉的火星人？你是来自木星的吗？,1.5,你是出色的技术流！世界政府需要你这样的人才！,9.0,你是如假包换的老拖拖，请问AI中心研究的反重力科技成果怎么样了？,Viron,77,9,221,2020年12月05日,1,哦，原来最多也只是开了一局啊，那没事了。,火星打工人
g.c,98,作为登陆火星的先行者，你们为火星的建设奠定了坚实的基础！,2021年02月21日,Saturn Systems,崭露头角，轻取桂冠,2,2,火星好寂寞，下次记得多陪陪人家~,Celestic (breakthrough),1,2.0,14,早起的火星人有牌抽！,1.5,你是出色的技术流！世界政府需要你这样的人才！,8.5,你是如假包换的老拖拖，请问AI中心研究的反重力科技成果怎么样了？,Saturn Systems,141,9,35,2021年02月21日,1,哦，原来最多也只是开了一局啊，那没事了。,火星打工人
泰伯,282,作为火星的第二批居民，你们牵引了无数小行星让火星不再孤寂寒冷。,2021年01月08日,Factorum (breakthrough),愈战愈勇，砥砺前行,60,119,改造委员会宣布你是火星年度劳模！,Point Luna,10,2.7,23,什么？还有不要睡觉的火星人？你是来自木星的吗？,2.6,运气总是起起落落落落落落，我懂你！,8.0,你改造拖拖两开花，进可过牌变魔术，退可标动打工人,UNMI (breakthrough),163,10,11,2021年01月08日,4,火星996说的就是你吧！,火星打工人
tamaki,357,作为火星的第二批居民，你们牵引了无数小行星让火星不再孤寂寒冷。,2021年04月30日,Inventrix (breakthrough),小试牛刀，施精布略,8,10,火星好寂寞，下次记得多陪陪人家~,Terralabs Research (breakthrough),2,3.0,14,早起的火星人有牌抽！,2.4,运气总是起起落落落落落落，我懂你！,7.7,你改造拖拖两开花，进可过牌变魔术，退可标动打工人,Celestic (breakthrough),142,10,34,2021年04月30日,2,时间管理大师非你莫属！,火星打工人
飞鱼,795,作为火星的第二批居民，你们牵引了无数小行星让火星不再孤寂寒冷。,2021年05月10日,Labour Union,崭露头角，轻取桂冠,19,40,虽然玩得不多，但是改造委员会看到了你的诚意！,Mining guild (breakthrough),4,1.75,0,什么？还有不要睡觉的火星人？你是来自木星的吗？,2.6,运气总是起起落落落落落落，我懂你！,7.9,你改造拖拖两开花，进可过牌变魔术，退可标动打工人,Pobolog (breakthrough),113,9,100,2021年05月10日,5,火星996说的就是你吧！,火星打工人
你好,291,作为火星的第二批居民，你们牵引了无数小行星让火星不再孤寂寒冷。,2021年01月07日,Celestic (breakthrough),初出茅庐，志在千里,30,45,虽然玩得不多，但是改造委员会看到了你的诚意！,UNMI (breakthrough),6,2.5,14,早起的火星人有牌抽！,2.6,运气总是起起落落落落落落，我懂你！,7.8,你改造拖拖两开花，进可过牌变魔术，退可标动打工人,Saturn Systems,128,9,57,2021年01月07日,4,火星996说的就是你吧！,火星打工人
1609884203,812,作为火星的新兴势力，感谢你们为火星增添了几分绿意！,2021年06月11日,Aristarchus,小试牛刀，施精布略,5,5,火星好寂寞，下次记得多陪陪人家~,Aristarchus,1,2.0,18,真是元气满满的火星人呢,2.2,运气总是起起落落落落落落，我懂你！,7.6,你改造拖拖两开花，进可过牌变魔术，退可标动打工人,Valley Trust (breakthrough) and Ecoline (breakthrough),77,8,222,2021年06月11日,1,哦，原来最多也只是开了一局啊，那没事了。,"国服最强Aristarchus
"
jequirity,288,作为火星的第二批居民，你们牵引了无数小行星让火星不再孤寂寒冷。,2020年12月19日,EcoLine,小试牛刀，施精布略,15,18,虽然玩得不多，但是改造委员会看到了你的诚意！,Tharsis Republic,3,1.6666666666666667,21,真是元气满满的火星人呢,2.5,运气总是起起落落落落落落，我懂你！,8.3,你是如假包换的老拖拖，请问AI中心研究的反重力科技成果怎么样了？,Poseidon,108,9,111,2020年12月19日,3,时间管理大师非你莫属！,"国服最强Tharsis Republic
"
封云台,719,作为火星的第二批居民，你们牵引了无数小行星让火星不再孤寂寒冷。,2021年04月30日,Thorgate,愈战愈勇，砥砺前行,3,3,火星好寂寞，下次记得多陪陪人家~,PhoboLog,1,1.0,0,什么？还有不要睡觉的火星人？你是来自木星的吗？,2.0,你是出色的技术流！世界政府需要你这样的人才！,10.7,你是如假包换的老拖拖，请问AI中心研究的反重力科技成果怎么样了？,Septem Tribus,100,11,132,2021年04月30日,1,哦，原来最多也只是开了一局啊，那没事了。,"国服最强PhoboLog
"
howard514,229,作为火星的第二批居民，你们牵引了无数小行星让火星不再孤寂寒冷。,2021年06月15日,Thorgate,崭露头角，轻取桂冠,3,3,火星好寂寞，下次记得多陪陪人家~,Saturn Systems,2,2.5,21,真是元气满满的火星人呢,2.0,你是出色的技术流！世界政府需要你这样的人才！,8.3,你是如假包换的老拖拖，请问AI中心研究的反重力科技成果怎么样了？,Saturn Systems and ,93,9,152,2021年06月15日,1,哦，原来最多也只是开了一局啊，那没事了。,火星打工人
庄生,18,作为登陆火星的先行者，你们为火星的建设奠定了坚实的基础！,2020年10月27日,StormCraft Incorporated (breakthrough),小试牛刀，施精布略,5,27,虽然玩得不多，但是改造委员会看到了你的诚意！,Inventrix (breakthrough),3,2.333333333333333,23,什么？还有不要睡觉的火星人？你是来自木星的吗？,2.6,运气总是起起落落落落落落，我懂你！,9.0,你是如假包换的老拖拖，请问AI中心研究的反重力科技成果怎么样了？,Point Luna,129,10,54,2020年10月27日,1,哦，原来最多也只是开了一局啊，那没事了。,火星打工人
魏良,934,作为火星的新兴势力，感谢你们为火星增添了几分绿意！,2021年06月25日,Factorum,崭露头角，轻取桂冠,9,9,火星好寂寞，下次记得多陪陪人家~,Point Luna,2,2.5,23,什么？还有不要睡觉的火星人？你是来自木星的吗？,2.4,运气总是起起落落落落落落，我懂你！,7.8,你改造拖拖两开花，进可过牌变魔术，退可标动打工人,Viron and Cheung Shing MARS,100,9,134,2021年06月25日,1,哦，原来最多也只是开了一局啊，那没事了。,火星打工人
吟游诗人,358,作为火星的第二批居民，你们牵引了无数小行星让火星不再孤寂寒冷。,2021年03月09日,Recyclon (breakthrough),初出茅庐，志在千里,27,39,虽然玩得不多，但是改造委员会看到了你的诚意！,Point Luna,3,4.0,13,早起的火星人有牌抽！,2.6,运气总是起起落落落落落落，我懂你！,7.9,你改造拖拖两开花，进可过牌变魔术，退可标动打工人,StormCraft Incorporated (breakthrough),119,10,83,2021年03月09日,3,时间管理大师非你莫属！,火星打工人
花菠萝,771,作为火星的第二批居民，你们牵引了无数小行星让火星不再孤寂寒冷。,2021年05月13日,Inventrix,崭露头角，轻取桂冠,1,1,火星好寂寞，下次记得多陪陪人家~,Inventrix,1,1.0,0,什么？还有不要睡觉的火星人？你是来自木星的吗？,1.0,你是出色的技术流！世界政府需要你这样的人才！,9.0,你是如假包换的老拖拖，请问AI中心研究的反重力科技成果怎么样了？,Inventrix,76,9,224,2021年05月13日,1,哦，原来最多也只是开了一局啊，那没事了。,"国服最强Inventrix
"
redwhitecr7,713,作为火星的第二批居民，你们牵引了无数小行星让火星不再孤寂寒冷。,2021年04月30日,Point Luna,崭露头角，轻取桂冠,1,1,火星好寂寞，下次记得多陪陪人家~,Point Luna,1,1.0,22,什么？还有不要睡觉的火星人？你是来自木星的吗？,1.0,你是出色的技术流！世界政府需要你这样的人才！,10.0,你是如假包换的老拖拖，请问AI中心研究的反重力科技成果怎么样了？,Point Luna,88,10,169,2021年04月30日,1,哦，原来最多也只是开了一局啊，那没事了。,火星打工人
oddish4,608,作为火星的第二批居民，你们牵引了无数小行星让火星不再孤寂寒冷。,2021年04月12日,Point Luna,崭露头角，轻取桂冠,1,1,火星好寂寞，下次记得多陪陪人家~,Point Luna,1,1.0,17,真是元气满满的火星人呢,1.0,你是出色的技术流！世界政府需要你这样的人才！,10.0,你是如假包换的老拖拖，请问AI中心研究的反重力科技成果怎么样了？,Point Luna,95,10,144,2021年04月12日,1,哦，原来最多也只是开了一局啊，那没事了。,火星打工人
tudou,1305,作为火星的新兴势力，感谢你们为火星增添了几分绿意！,2021年08月29日,Saturn Systems,崭露头角，轻取桂冠,1,1,火星好寂寞，下次记得多陪陪人家~,Saturn Systems,1,1.0,23,什么？还有不要睡觉的火星人？你是来自木星的吗？,1.0,你是出色的技术流！世界政府需要你这样的人才！,10.0,你是如假包换的老拖拖，请问AI中心研究的反重力科技成果怎么样了？,Saturn Systems and ,95,10,145,2021年08月29日,1,哦，原来最多也只是开了一局啊，那没事了。,火星打工人
daxinge,647,作为火星的第二批居民，你们牵引了无数小行星让火星不再孤寂寒冷。,2021年04月20日,Astrodrill,小试牛刀，施精布略,11,12,虽然玩得不多，但是改造委员会看到了你的诚意！,Astrodrill,2,2.5,16,真是元气满满的火星人呢,2.5,运气总是起起落落落落落落，我懂你！,8.2,你是如假包换的老拖拖，请问AI中心研究的反重力科技成果怎么样了？,Teractor (breakthrough),102,9,125,2021年04月20日,2,时间管理大师非你莫属！,"国服最强Astrodrill
"
szl271828,739,作为火星的第二批居民，你们牵引了无数小行星让火星不再孤寂寒冷。,2021年05月16日,Morning Star Inc.,崭露头角，轻取桂冠,1,1,火星好寂寞，下次记得多陪陪人家~,Morning Star Inc.,1,1.0,22,什么？还有不要睡觉的火星人？你是来自木星的吗？,1.0,你是出色的技术流！世界政府需要你这样的人才！,8.0,你改造拖拖两开花，进可过牌变魔术，退可标动打工人,Morning Star Inc.,76,8,223,2021年05月16日,1,哦，原来最多也只是开了一局啊，那没事了。,"国服最强Morning Star Inc.
"
pastoshamps,272,作为火星的第二批居民，你们牵引了无数小行星让火星不再孤寂寒冷。,2021年07月03日,Teractor (breakthrough),崭露头角，轻取桂冠,1,1,火星好寂寞，下次记得多陪陪人家~,Teractor (breakthrough),1,1.0,19,真是元气满满的火星人呢,1.0,你是出色的技术流！世界政府需要你这样的人才！,7.0,你是纯纯粹粹的改造党，火卫二不在的第N天，想她,Teractor (breakthrough) and Chaos,87,7,177,2021年07月03日,1,哦，原来最多也只是开了一局啊，那没事了。,火星打工人
alex,1227,作为火星的新兴势力，感谢你们为火星增添了几分绿意！,2020年12月05日,Viron,崭露头角，轻取桂冠,1,1,火星好寂寞，下次记得多陪陪人家~,Viron,1,1.0,23,什么？还有不要睡觉的火星人？你是来自木星的吗？,1.0,你是出色的技术流！世界政府需要你这样的人才！,9.0,你是如假包换的老拖拖，请问AI中心研究的反重力科技成果怎么样了？,Viron,113,9,101,2020年12月05日,1,哦，原来最多也只是开了一局啊，那没事了。,"国服最强Viron
"
mizuzu,1185,作为火星的新兴势力，感谢你们为火星增添了几分绿意！,2021年07月15日,CrediCor,崭露头角，轻取桂冠,1,1,火星好寂寞，下次记得多陪陪人家~,CrediCor,1,1.0,22,什么？还有不要睡觉的火星人？你是来自木星的吗？,1.0,你是出色的技术流！世界政府需要你这样的人才！,10.0,你是如假包换的老拖拖，请问AI中心研究的反重力科技成果怎么样了？,CrediCor and ,105,10,118,2021年07月15日,1,哦，原来最多也只是开了一局啊，那没事了。,"国服最强CrediCor
"
懿行,1307,作为火星的新兴势力，感谢你们为火星增添了几分绿意！,2021年08月07日,Pharmacy Union,崭露头角，轻取桂冠,1,1,火星好寂寞，下次记得多陪陪人家~,Pharmacy Union,1,1.0,0,什么？还有不要睡觉的火星人？你是来自木星的吗？,1.0,你是出色的技术流！世界政府需要你这样的人才！,9.0,你是如假包换的老拖拖，请问AI中心研究的反重力科技成果怎么样了？,Pharmacy Union and Inventrix (breakthrough),115,9,92,2021年08月07日,1,哦，原来最多也只是开了一局啊，那没事了。,"国服最强Pharmacy Union
"
watashiwaangel,297,作为火星的第二批居民，你们牵引了无数小行星让火星不再孤寂寒冷。,2021年06月20日,Cheung Shing MARS,崭露头角，轻取桂冠,1,1,火星好寂寞，下次记得多陪陪人家~,Cheung Shing MARS,1,1.0,23,什么？还有不要睡觉的火星人？你是来自木星的吗？,1.0,你是出色的技术流！世界政府需要你这样的人才！,8.0,你改造拖拖两开花，进可过牌变魔术，退可标动打工人,Cheung Shing MARS and ,71,8,247,2021年06月20日,1,哦，原来最多也只是开了一局啊，那没事了。,"国服最强Cheung Shing MARS
"
lxj990507,848,作为火星的新兴势力，感谢你们为火星增添了几分绿意！,2021年06月26日,Tharsis Republic,崭露头角，轻取桂冠,1,1,火星好寂寞，下次记得多陪陪人家~,Tharsis Republic,1,1.0,21,真是元气满满的火星人呢,1.0,你是出色的技术流！世界政府需要你这样的人才！,10.0,你是如假包换的老拖拖，请问AI中心研究的反重力科技成果怎么样了？,Tharsis Republic and ,91,10,159,2021年06月26日,1,哦，原来最多也只是开了一局啊，那没事了。,火星打工人
stmx0v0,94,作为登陆火星的先行者，你们为火星的建设奠定了坚实的基础！,2021年08月20日,Celestic,崭露头角，轻取桂冠,1,1,火星好寂寞，下次记得多陪陪人家~,Celestic,1,1.0,23,什么？还有不要睡觉的火星人？你是来自木星的吗？,1.0,你是出色的技术流！世界政府需要你这样的人才！,9.0,你是如假包换的老拖拖，请问AI中心研究的反重力科技成果怎么样了？,Celestic and ,97,9,142,2021年08月20日,1,哦，原来最多也只是开了一局啊，那没事了。,"国服最强Celestic
"
sanduo,361,作为火星的第二批居民，你们牵引了无数小行星让火星不再孤寂寒冷。,2021年03月27日,Saturn Systems,崭露头角，轻取桂冠,3,4,火星好寂寞，下次记得多陪陪人家~,Pharmacy Union,1,2.0,20,真是元气满满的火星人呢,2.2,运气总是起起落落落落落落，我懂你！,8.2,你是如假包换的老拖拖，请问AI中心研究的反重力科技成果怎么样了？,Valley Trust,71,9,246,2021年03月27日,2,时间管理大师非你莫属！,火星打工人
点点,486,作为火星的第二批居民，你们牵引了无数小行星让火星不再孤寂寒冷。,2021年03月23日,Philares,小试牛刀，施精布略,72,91,改造委员会宣布你是火星年度劳模！,Point Luna,8,2.75,22,什么？还有不要睡觉的火星人？你是来自木星的吗？,2.6,运气总是起起落落落落落落，我懂你！,8.1,你是如假包换的老拖拖，请问AI中心研究的反重力科技成果怎么样了？,Pobolog (breakthrough),128,9,60,2021年03月23日,3,时间管理大师非你莫属！,火星打工人
小五羊,115,作为火星的第二批居民，你们牵引了无数小行星让火星不再孤寂寒冷。,2020年12月14日,Inventrix,初出茅庐，志在千里,19,25,虽然玩得不多，但是改造委员会看到了你的诚意！,Saturn Systems,4,1.75,21,真是元气满满的火星人呢,2.6,运气总是起起落落落落落落，我懂你！,7.4,你改造拖拖两开花，进可过牌变魔术，退可标动打工人,Manutech,120,8,78,2020年12月14日,3,时间管理大师非你莫属！,"国服最强Saturn Systems
"
小黑,92,作为登陆火星的先行者，你们为火星的建设奠定了坚实的基础！,2020年10月06日,Pobolog (breakthrough),初出茅庐，志在千里,26,40,虽然玩得不多，但是改造委员会看到了你的诚意！,Lakefront Resorts,5,2.2,23,什么？还有不要睡觉的火星人？你是来自木星的吗？,2.6,运气总是起起落落落落落落，我懂你！,8.4,你是如假包换的老拖拖，请问AI中心研究的反重力科技成果怎么样了？,Manutech,137,10,40,2020年10月06日,2,时间管理大师非你莫属！,"国服最强Lakefront Resorts
"
罗成,53,作为登陆火星的先行者，你们为火星的建设奠定了坚实的基础！,2021年02月16日,StormCraft Incorporated (breakthrough),初出茅庐，志在千里,2,2,火星好寂寞，下次记得多陪陪人家~,StormCraft Incorporated (breakthrough),1,3.0,0,什么？还有不要睡觉的火星人？你是来自木星的吗？,2.0,你是出色的技术流！世界政府需要你这样的人才！,11.0,你是如假包换的老拖拖，请问AI中心研究的反重力科技成果怎么样了？,Tharsis Republic,120,13,80,2021年02月16日,1,哦，原来最多也只是开了一局啊，那没事了。,火星打工人
spring,20,作为登陆火星的先行者，你们为火星的建设奠定了坚实的基础！,2020年08月31日,Point Luna,愈战愈勇，砥砺前行,25,41,虽然玩得不多，但是改造委员会看到了你的诚意！,Midas,3,2.6666666666666665,23,什么？还有不要睡觉的火星人？你是来自木星的吗？,2.6,运气总是起起落落落落落落，我懂你！,7.9,你改造拖拖两开花，进可过牌变魔术，退可标动打工人,Id Front,109,6,109,2020年08月31日,5,火星996说的就是你吧！,火星打工人
wjy吴才,285,作为火星的第二批居民，你们牵引了无数小行星让火星不再孤寂寒冷。,2021年05月15日,Teractor (breakthrough),愈战愈勇，砥砺前行,11,11,虽然玩得不多，但是改造委员会看到了你的诚意！,Pobolog (breakthrough),2,3.0,16,真是元气满满的火星人呢,2.5,运气总是起起落落落落落落，我懂你！,8.6,你是如假包换的老拖拖，请问AI中心研究的反重力科技成果怎么样了？,Point Luna,117,9,88,2021年05月15日,1,哦，原来最多也只是开了一局啊，那没事了。,火星打工人
kk,935,作为火星的新兴势力，感谢你们为火星增添了几分绿意！,2021年04月10日,Teractor,小试牛刀，施精布略,2,2,火星好寂寞，下次记得多陪陪人家~,Poseidon,1,2.0,13,早起的火星人有牌抽！,2.0,你是出色的技术流！世界政府需要你这样的人才！,9.5,你是如假包换的老拖拖，请问AI中心研究的反重力科技成果怎么样了？,Poseidon,109,9,107,2021年04月10日,1,哦，原来最多也只是开了一局啊，那没事了。,火星打工人
双子,902,作为火星的新兴势力，感谢你们为火星增添了几分绿意！,2021年05月31日,Valley Trust,崭露头角，轻取桂冠,7,8,火星好寂寞，下次记得多陪陪人家~,Mining Guild,2,3.0,2,什么？还有不要睡觉的火星人？你是来自木星的吗？,2.5,运气总是起起落落落落落落，我懂你！,9.6,你是如假包换的老拖拖，请问AI中心研究的反重力科技成果怎么样了？,Manutech,138,9,39,2021年05月31日,2,时间管理大师非你莫属！,火星打工人
龙日天,528,作为火星的第二批居民，你们牵引了无数小行星让火星不再孤寂寒冷。,2021年05月13日,Mining Guild,初出茅庐，志在千里,2,2,火星好寂寞，下次记得多陪陪人家~,Mining Guild,1,3.0,0,什么？还有不要睡觉的火星人？你是来自木星的吗？,2.0,你是出色的技术流！世界政府需要你这样的人才！,8.5,你是如假包换的老拖拖，请问AI中心研究的反重力科技成果怎么样了？,Tharsis Republic,75,8,226,2021年05月13日,1,哦，原来最多也只是开了一局啊，那没事了。,火星打工人
牧殇,298,作为火星的第二批居民，你们牵引了无数小行星让火星不再孤寂寒冷。,2021年04月30日,MorningStar Inc (breakthrough),愈战愈勇，砥砺前行,5,5,火星好寂寞，下次记得多陪陪人家~,MorningStar Inc (breakthrough),2,3.0,16,真是元气满满的火星人呢,2.4,运气总是起起落落落落落落，我懂你！,8.2,你是如假包换的老拖拖，请问AI中心研究的反重力科技成果怎么样了？,MorningStar Inc (breakthrough),112,8,102,2021年04月30日,1,哦，原来最多也只是开了一局啊，那没事了。,火星打工人
lxlx,1015,作为火星的新兴势力，感谢你们为火星增添了几分绿意！,2021年06月20日,PhoboLog,崭露头角，轻取桂冠,1,2,火星好寂寞，下次记得多陪陪人家~,Cheung Shing MARS,1,3.0,0,什么？还有不要睡觉的火星人？你是来自木星的吗？,2.0,你是出色的技术流！世界政府需要你这样的人才！,7.5,你改造拖拖两开花，进可过牌变魔术，退可标动打工人,PhoboLog and ,64,8,265,2021年06月20日,2,时间管理大师非你莫属！,火星打工人
零点,1123,作为火星的新兴势力，感谢你们为火星增添了几分绿意！,2021年07月15日,EcoLine,小试牛刀，施精布略,2,2,火星好寂寞，下次记得多陪陪人家~,EcoLine,1,2.0,0,什么？还有不要睡觉的火星人？你是来自木星的吗？,2.0,你是出色的技术流！世界政府需要你这样的人才！,9.5,你是如假包换的老拖拖，请问AI中心研究的反重力科技成果怎么样了？,Vitor and ,94,9,147,2021年07月15日,1,哦，原来最多也只是开了一局啊，那没事了。,火星打工人
阿狗锄大地,102,作为火星的第二批居民，你们牵引了无数小行星让火星不再孤寂寒冷。,2021年05月15日,Robinson Industries (breakthrough),崭露头角，轻取桂冠,8,9,火星好寂寞，下次记得多陪陪人家~,Point Luna,2,3.0,12,早起的火星人有牌抽！,2.6,运气总是起起落落落落落落，我懂你！,7.9,你改造拖拖两开花，进可过牌变魔术，退可标动打工人,Brotherhood of Mutants,100,6,133,2021年05月15日,2,时间管理大师非你莫属！,火星打工人
12345,133,作为火星的第二批居民，你们牵引了无数小行星让火星不再孤寂寒冷。,2021年02月23日,Robinson Industries (breakthrough),愈战愈勇，砥砺前行,16,19,虽然玩得不多，但是改造委员会看到了你的诚意！,Celestic (breakthrough),3,2.333333333333333,15,真是元气满满的火星人呢,2.6,运气总是起起落落落落落落，我懂你！,8.4,你是如假包换的老拖拖，请问AI中心研究的反重力科技成果怎么样了？,Valley Trust (breakthrough),140,8,36,2021年02月23日,2,时间管理大师非你莫属！,火星打工人
徽少,49,作为登陆火星的先行者，你们为火星的建设奠定了坚实的基础！,2020年10月20日,Mining Guild,崭露头角，轻取桂冠,3,3,火星好寂寞，下次记得多陪陪人家~,Mining Guild,1,1.0,22,什么？还有不要睡觉的火星人？你是来自木星的吗？,2.3,运气总是起起落落落落落落，我懂你！,8.7,你是如假包换的老拖拖，请问AI中心研究的反重力科技成果怎么样了？,Mining Guild,94,10,149,2020年10月20日,1,哦，原来最多也只是开了一局啊，那没事了。,"国服最强Mining Guild
"
偉大空佬,819,作为火星的新兴势力，感谢你们为火星增添了几分绿意！,2021年07月06日,Point Luna,愈战愈勇，砥砺前行,3,3,火星好寂寞，下次记得多陪陪人家~,Point Luna,1,4.0,0,什么？还有不要睡觉的火星人？你是来自木星的吗？,2.3,运气总是起起落落落落落落，我懂你！,9.0,你是如假包换的老拖拖，请问AI中心研究的反重力科技成果怎么样了？,Trade Navigator and Junk Ventures,158,9,13,2021年07月06日,1,哦，原来最多也只是开了一局啊，那没事了。,火星打工人
1012k,284,作为火星的第二批居民，你们牵引了无数小行星让火星不再孤寂寒冷。,2021年08月04日,Point Luna,小试牛刀，施精布略,3,3,火星好寂寞，下次记得多陪陪人家~,Aphrodite (breakthrough),1,2.0,0,什么？还有不要睡觉的火星人？你是来自木星的吗？,2.3,运气总是起起落落落落落落，我懂你！,8.0,你改造拖拖两开花，进可过牌变魔术，退可标动打工人,Id Front and UNMI (breakthrough),112,9,103,2021年08月04日,1,哦，原来最多也只是开了一局啊，那没事了。,"国服最强Aphrodite (breakthrough)
"
哈士奇,1197,作为火星的新兴势力，感谢你们为火星增添了几分绿意！,2021年07月26日,Robinson Industries,初出茅庐，志在千里,3,3,火星好寂寞，下次记得多陪陪人家~,EcoLine,1,3.0,16,真是元气满满的火星人呢,2.3,运气总是起起落落落落落落，我懂你！,11.7,你是如假包换的老拖拖，请问AI中心研究的反重力科技成果怎么样了？,Point Luna and ,143,13,32,2021年07月26日,1,哦，原来最多也只是开了一局啊，那没事了。,"国服第五拖拖党
"
michaelis200,900,作为火星的新兴势力，感谢你们为火星增添了几分绿意！,2021年06月11日,MorningStar Inc (breakthrough),小试牛刀，施精布略,3,3,火星好寂寞，下次记得多陪陪人家~,MorningStar Inc (breakthrough),1,2.0,0,什么？还有不要睡觉的火星人？你是来自木星的吗？,2.3,运气总是起起落落落落落落，我懂你！,8.3,你是如假包换的老拖拖，请问AI中心研究的反重力科技成果怎么样了？,MorningStar Inc (breakthrough) and ,105,9,120,2021年06月11日,1,哦，原来最多也只是开了一局啊，那没事了。,"国服最强MorningStar Inc (breakthrough)
"
一直,21,作为登陆火星的先行者，你们为火星的建设奠定了坚实的基础！,2020年08月31日,Valley Trust (breakthrough),小试牛刀，施精布略,35,79,改造委员会宣布你是火星年度劳模！,StormCraft Incorporated (breakthrough),9,2.333333333333333,23,什么？还有不要睡觉的火星人？你是来自木星的吗？,2.7,运气总是起起落落落落落落，我懂你！,8.3,你是如假包换的老拖拖，请问AI中心研究的反重力科技成果怎么样了？,Aphrodite (breakthrough),128,10,58,2020年08月31日,6,火星996说的就是你吧！,"国服最强StormCraft Incorporated (breakthrough)
"
永远,59,作为登陆火星的先行者，你们为火星的建设奠定了坚实的基础！,2021年03月17日,Helion (breakthrough),愈战愈勇，砥砺前行,38,53,虽然玩得不多，但是改造委员会看到了你的诚意！,MorningStar Inc (breakthrough),6,3.0,23,什么？还有不要睡觉的火星人？你是来自木星的吗？,2.7,运气总是起起落落落落落落，我懂你！,7.9,你改造拖拖两开花，进可过牌变魔术，退可标动打工人,Inventrix (breakthrough),127,10,63,2021年03月17日,3,时间管理大师非你莫属！,火星打工人
automuen,93,作为登陆火星的先行者，你们为火星的建设奠定了坚实的基础！,2021年01月04日,Tharsis Republic,崭露头角，轻取桂冠,7,7,火星好寂寞，下次记得多陪陪人家~,Manutech,2,3.0,1,什么？还有不要睡觉的火星人？你是来自木星的吗？,2.6,运气总是起起落落落落落落，我懂你！,10.0,你是如假包换的老拖拖，请问AI中心研究的反重力科技成果怎么样了？,Tharsis Republic,90,10,163,2021年01月04日,1,哦，原来最多也只是开了一局啊，那没事了。,火星打工人
jrj,304,作为火星的第二批居民，你们牵引了无数小行星让火星不再孤寂寒冷。,2021年02月10日,Thorgate,小试牛刀，施精布略,7,7,火星好寂寞，下次记得多陪陪人家~,Arklight,1,4.0,17,真是元气满满的火星人呢,2.6,运气总是起起落落落落落落，我懂你！,8.1,你是如假包换的老拖拖，请问AI中心研究的反重力科技成果怎么样了？,Point Luna,100,10,135,2021年02月10日,1,哦，原来最多也只是开了一局啊，那没事了。,火星打工人
唯慕,1057,作为火星的新兴势力，感谢你们为火星增添了几分绿意！,2021年04月15日,Teractor,初出茅庐，志在千里,12,14,虽然玩得不多，但是改造委员会看到了你的诚意！,Poseidon,2,2.5,21,真是元气满满的火星人呢,2.6,运气总是起起落落落落落落，我懂你！,8.2,你是如假包换的老拖拖，请问AI中心研究的反重力科技成果怎么样了？,CrediCor,105,10,119,2021年04月15日,2,时间管理大师非你莫属！,火星打工人
cloream,48,作为登陆火星的先行者，你们为火星的建设奠定了坚实的基础！,2020年10月20日,Saturn Systems,小试牛刀，施精布略,4,4,火星好寂寞，下次记得多陪陪人家~,Factorum,1,4.0,22,什么？还有不要睡觉的火星人？你是来自木星的吗？,2.5,运气总是起起落落落落落落，我懂你！,8.5,你是如假包换的老拖拖，请问AI中心研究的反重力科技成果怎么样了？,Saturn Systems,78,10,215,2020年10月20日,1,哦，原来最多也只是开了一局啊，那没事了。,火星打工人
biaodi,422,作为火星的第二批居民，你们牵引了无数小行星让火星不再孤寂寒冷。,2021年03月27日,Factorum,初出茅庐，志在千里,3,4,火星好寂寞，下次记得多陪陪人家~,Tharsis Republic,2,2.0,20,真是元气满满的火星人呢,2.5,运气总是起起落落落落落落，我懂你！,8.2,你是如假包换的老拖拖，请问AI中心研究的反重力科技成果怎么样了？,Saturn Systems,70,9,250,2021年03月27日,2,时间管理大师非你莫属！,火星打工人
naixin,42,作为登陆火星的先行者，你们为火星的建设奠定了坚实的基础！,2021年03月27日,Teractor,愈战愈勇，砥砺前行,3,4,火星好寂寞，下次记得多陪陪人家~,Factorum,1,2.0,20,真是元气满满的火星人呢,2.5,运气总是起起落落落落落落，我懂你！,8.2,你是如假包换的老拖拖，请问AI中心研究的反重力科技成果怎么样了？,Factorum,80,9,211,2021年03月27日,2,时间管理大师非你莫属！,火星打工人
jd,86,作为登陆火星的先行者，你们为火星的建设奠定了坚实的基础！,2020年11月29日,Tharsis Republic,小试牛刀，施精布略,4,4,火星好寂寞，下次记得多陪陪人家~,Inventrix (breakthrough),1,3.0,23,什么？还有不要睡觉的火星人？你是来自木星的吗？,2.5,运气总是起起落落落落落落，我懂你！,9.8,你是如假包换的老拖拖，请问AI中心研究的反重力科技成果怎么样了？,Thorgate (breakthrough),114,10,95,2020年11月29日,1,哦，原来最多也只是开了一局啊，那没事了。,火星打工人
麒麟,479,作为火星的第二批居民，你们牵引了无数小行星让火星不再孤寂寒冷。,2021年04月07日,Inventrix (breakthrough),初出茅庐，志在千里,32,43,虽然玩得不多，但是改造委员会看到了你的诚意！,Manutech,6,2.6666666666666665,22,什么？还有不要睡觉的火星人？你是来自木星的吗？,2.7,运气总是起起落落落落落落，我懂你！,8.1,你是如假包换的老拖拖，请问AI中心研究的反重力科技成果怎么样了？,Point Luna,120,10,81,2021年04月07日,3,时间管理大师非你莫属！,火星打工人
yuexing,824,作为火星的新兴势力，感谢你们为火星增添了几分绿意！,2020年09月06日,Point Luna,初出茅庐，志在千里,63,74,改造委员会宣布你是火星年度劳模！,Aridor,6,2.833333333333333,20,真是元气满满的火星人呢,2.7,运气总是起起落落落落落落，我懂你！,8.5,你是如假包换的老拖拖，请问AI中心研究的反重力科技成果怎么样了？,CrediCor,131,10,49,2020年09月06日,2,时间管理大师非你莫属！,火星打工人
elllllll,818,作为火星的新兴势力，感谢你们为火星增添了几分绿意！,2021年06月26日,Valley Trust,小试牛刀，施精布略,1,1,火星好寂寞，下次记得多陪陪人家~,Valley Trust,1,2.0,21,真是元气满满的火星人呢,2.0,你是出色的技术流！世界政府需要你这样的人才！,10.0,你是如假包换的老拖拖，请问AI中心研究的反重力科技成果怎么样了？,Valley Trust and ,83,10,193,2021年06月26日,1,哦，原来最多也只是开了一局啊，那没事了。,火星打工人
vgtables,923,作为火星的新兴势力，感谢你们为火星增添了几分绿意！,2021年08月29日,Point Luna,小试牛刀，施精布略,1,1,火星好寂寞，下次记得多陪陪人家~,Point Luna,1,2.0,23,什么？还有不要睡觉的火星人？你是来自木星的吗？,2.0,你是出色的技术流！世界政府需要你这样的人才！,10.0,你是如假包换的老拖拖，请问AI中心研究的反重力科技成果怎么样了？,Point Luna and ,84,10,190,2021年08月29日,1,哦，原来最多也只是开了一局啊，那没事了。,火星打工人
ajh,40,作为登陆火星的先行者，你们为火星的建设奠定了坚实的基础！,2020年09月07日,Septem Tribus,小试牛刀，施精布略,1,1,火星好寂寞，下次记得多陪陪人家~,Septem Tribus,1,2.0,2,什么？还有不要睡觉的火星人？你是来自木星的吗？,2.0,你是出色的技术流！世界政府需要你这样的人才！,7.0,你是纯纯粹粹的改造党，火卫二不在的第N天，想她,Septem Tribus,54,7,282,2020年09月07日,1,哦，原来最多也只是开了一局啊，那没事了。,火星打工人
qi,623,作为火星的第二批居民，你们牵引了无数小行星让火星不再孤寂寒冷。,2021年04月06日,Inventrix,小试牛刀，施精布略,1,1,火星好寂寞，下次记得多陪陪人家~,Inventrix,1,2.0,22,什么？还有不要睡觉的火星人？你是来自木星的吗？,2.0,你是出色的技术流！世界政府需要你这样的人才！,13.0,你是如假包换的老拖拖，请问AI中心研究的反重力科技成果怎么样了？,Inventrix,87,13,174,2021年04月06日,1,哦，原来最多也只是开了一局啊，那没事了。,"国服第一拖拖党
"
ty,895,作为火星的新兴势力，感谢你们为火星增添了几分绿意！,2021年06月01日,Point Luna,小试牛刀，施精布略,1,1,火星好寂寞，下次记得多陪陪人家~,Point Luna,1,2.0,23,什么？还有不要睡觉的火星人？你是来自木星的吗？,2.0,你是出色的技术流！世界政府需要你这样的人才！,8.0,你改造拖拖两开花，进可过牌变魔术，退可标动打工人,Point Luna,59,8,275,2021年06月01日,1,哦，原来最多也只是开了一局啊，那没事了。,火星打工人
ed,658,作为火星的第二批居民，你们牵引了无数小行星让火星不再孤寂寒冷。,2021年04月21日,Interplanetary Cinematics (breakthrough),小试牛刀，施精布略,1,1,火星好寂寞，下次记得多陪陪人家~,Interplanetary Cinematics (breakthrough),1,2.0,15,真是元气满满的火星人呢,2.0,你是出色的技术流！世界政府需要你这样的人才！,6.0,你是纯纯粹粹的改造党，火卫二不在的第N天，想她,Interplanetary Cinematics (breakthrough),63,6,269,2021年04月21日,1,哦，原来最多也只是开了一局啊，那没事了。,"国服第四改造党
国服最强Interplanetary Cinematics (breakthrough)
"
zzx,591,作为火星的第二批居民，你们牵引了无数小行星让火星不再孤寂寒冷。,2021年02月10日,United Nations Mars Initiative,崭露头角，轻取桂冠,12,12,虽然玩得不多，但是改造委员会看到了你的诚意！,Ecoline (breakthrough),2,2.5,16,真是元气满满的火星人呢,2.7,运气总是起起落落落落落落，我懂你！,7.8,你改造拖拖两开花，进可过牌变魔术，退可标动打工人,Helion,81,10,205,2021年02月10日,1,哦，原来最多也只是开了一局啊，那没事了。,火星打工人
nihao,742,作为火星的第二批居民，你们牵引了无数小行星让火星不再孤寂寒冷。,2021年06月22日,Aphrodite (breakthrough),小试牛刀，施精布略,1,1,火星好寂寞，下次记得多陪陪人家~,Aphrodite (breakthrough),1,2.0,22,什么？还有不要睡觉的火星人？你是来自木星的吗？,2.0,你是出色的技术流！世界政府需要你这样的人才！,8.0,你改造拖拖两开花，进可过牌变魔术，退可标动打工人,Aphrodite (breakthrough) and Junk Ventures,98,8,139,2021年06月22日,1,哦，原来最多也只是开了一局啊，那没事了。,"国服最强Aphrodite (breakthrough)
"
张狗宇,329,作为火星的第二批居民，你们牵引了无数小行星让火星不再孤寂寒冷。,2021年03月04日,United Nations Mars Initiative,小试牛刀，施精布略,1,1,火星好寂寞，下次记得多陪陪人家~,United Nations Mars Initiative,1,2.0,1,什么？还有不要睡觉的火星人？你是来自木星的吗？,2.0,你是出色的技术流！世界政府需要你这样的人才！,10.0,你是如假包换的老拖拖，请问AI中心研究的反重力科技成果怎么样了？,United Nations Mars Initiative,72,10,239,2021年03月04日,1,哦，原来最多也只是开了一局啊，那没事了。,"国服最强United Nations Mars Initiative
"
quanshu,561,作为火星的第二批居民，你们牵引了无数小行星让火星不再孤寂寒冷。,2021年05月17日,Valley Trust,小试牛刀，施精布略,1,1,火星好寂寞，下次记得多陪陪人家~,Valley Trust,1,2.0,23,什么？还有不要睡觉的火星人？你是来自木星的吗？,2.0,你是出色的技术流！世界政府需要你这样的人才！,10.0,你是如假包换的老拖拖，请问AI中心研究的反重力科技成果怎么样了？,Valley Trust,74,10,232,2021年05月17日,1,哦，原来最多也只是开了一局啊，那没事了。,火星打工人
九歌,366,作为火星的第二批居民，你们牵引了无数小行星让火星不再孤寂寒冷。,2021年04月20日,Saturn Systems,小试牛刀，施精布略,1,1,火星好寂寞，下次记得多陪陪人家~,Saturn Systems,1,2.0,22,什么？还有不要睡觉的火星人？你是来自木星的吗？,2.0,你是出色的技术流！世界政府需要你这样的人才！,9.0,你是如假包换的老拖拖，请问AI中心研究的反重力科技成果怎么样了？,Saturn Systems,93,9,153,2021年04月20日,1,哦，原来最多也只是开了一局啊，那没事了。,火星打工人
dokidoki,97,作为登陆火星的先行者，你们为火星的建设奠定了坚实的基础！,2021年08月20日,Thorgate,小试牛刀，施精布略,1,1,火星好寂寞，下次记得多陪陪人家~,Thorgate,1,2.0,23,什么？还有不要睡觉的火星人？你是来自木星的吗？,2.0,你是出色的技术流！世界政府需要你这样的人才！,9.0,你是如假包换的老拖拖，请问AI中心研究的反重力科技成果怎么样了？,Thorgate and ,91,9,160,2021年08月20日,1,哦，原来最多也只是开了一局啊，那没事了。,"国服最强Thorgate
"
guguty,947,作为火星的新兴势力，感谢你们为火星增添了几分绿意！,2021年06月25日,Teractor,小试牛刀，施精布略,1,1,火星好寂寞，下次记得多陪陪人家~,Teractor,1,2.0,17,真是元气满满的火星人呢,2.0,你是出色的技术流！世界政府需要你这样的人才！,8.0,你改造拖拖两开花，进可过牌变魔术，退可标动打工人,Teractor and Poseidon,80,8,208,2021年06月25日,1,哦，原来最多也只是开了一局啊，那没事了。,"国服最强Teractor
"
黑桃作,999,作为火星的新兴势力，感谢你们为火星增添了几分绿意！,2021年06月15日,Mining guild (breakthrough),小试牛刀，施精布略,1,1,火星好寂寞，下次记得多陪陪人家~,Mining guild (breakthrough),1,2.0,17,真是元气满满的火星人呢,2.0,你是出色的技术流！世界政府需要你这样的人才！,7.0,你是纯纯粹粹的改造党，火卫二不在的第N天，想她,Mining guild (breakthrough) and Utopia Invest,80,7,210,2021年06月15日,1,哦，原来最多也只是开了一局啊，那没事了。,火星打工人
nightwish_sola,54,作为登陆火星的先行者，你们为火星的建设奠定了坚实的基础！,2021年06月13日,Pobolog (breakthrough),小试牛刀，施精布略,1,1,火星好寂寞，下次记得多陪陪人家~,Pobolog (breakthrough),1,2.0,23,什么？还有不要睡觉的火星人？你是来自木星的吗？,2.0,你是出色的技术流！世界政府需要你这样的人才！,8.0,你改造拖拖两开花，进可过牌变魔术，退可标动打工人,Pobolog (breakthrough) and ,72,8,238,2021年06月13日,1,哦，原来最多也只是开了一局啊，那没事了。,火星打工人
oddish1,605,作为火星的第二批居民，你们牵引了无数小行星让火星不再孤寂寒冷。,2021年04月12日,EcoLine,小试牛刀，施精布略,1,1,火星好寂寞，下次记得多陪陪人家~,EcoLine,1,2.0,17,真是元气满满的火星人呢,2.0,你是出色的技术流！世界政府需要你这样的人才！,10.0,你是如假包换的老拖拖，请问AI中心研究的反重力科技成果怎么样了？,EcoLine,82,10,199,2021年04月12日,1,哦，原来最多也只是开了一局啊，那没事了。,火星打工人
starry,70,作为登陆火星的先行者，你们为火星的建设奠定了坚实的基础！,2021年05月02日,Poseidon,小试牛刀，施精布略,5,5,火星好寂寞，下次记得多陪陪人家~,CrediCor,1,4.0,19,真是元气满满的火星人呢,2.6,运气总是起起落落落落落落，我懂你！,8.2,你是如假包换的老拖拖，请问AI中心研究的反重力科技成果怎么样了？,Tharsis_republic (breakthrough),127,10,62,2021年05月02日,1,哦，原来最多也只是开了一局啊，那没事了。,火星打工人
谢国星,1085,作为火星的新兴势力，感谢你们为火星增添了几分绿意！,2021年07月04日,Lakefront Resorts,愈战愈勇，砥砺前行,5,5,火星好寂寞，下次记得多陪陪人家~,Inventrix,1,2.0,23,什么？还有不要睡觉的火星人？你是来自木星的吗？,2.6,运气总是起起落落落落落落，我懂你！,9.6,你是如假包换的老拖拖，请问AI中心研究的反重力科技成果怎么样了？,Project Workshop and ,151,11,23,2021年07月04日,1,哦，原来最多也只是开了一局啊，那没事了。,火星打工人
水鬼,223,作为火星的第二批居民，你们牵引了无数小行星让火星不再孤寂寒冷。,2020年11月11日,Inventrix (breakthrough),初出茅庐，志在千里,20,24,虽然玩得不多，但是改造委员会看到了你的诚意！,Saturn Systems,4,2.75,23,什么？还有不要睡觉的火星人？你是来自木星的吗？,2.7,运气总是起起落落落落落落，我懂你！,8.2,你是如假包换的老拖拖，请问AI中心研究的反重力科技成果怎么样了？,Celestic (breakthrough),121,9,74,2020年11月11日,4,火星996说的就是你吧！,火星打工人
有没有可能是你们菜呢,1070,作为火星的新兴势力，感谢你们为火星增添了几分绿意！,2021年07月23日,PhoboLog,崭露头角，轻取桂冠,2,2,火星好寂寞，下次记得多陪陪人家~,PhoboLog,1,1.0,1,什么？还有不要睡觉的火星人？你是来自木星的吗？,2.5,运气总是起起落落落落落落，我懂你！,8.5,你是如假包换的老拖拖，请问AI中心研究的反重力科技成果怎么样了？,Tharsis Republic and ,79,10,212,2021年07月23日,1,哦，原来最多也只是开了一局啊，那没事了。,"国服最强PhoboLog
"
deng,399,作为火星的第二批居民，你们牵引了无数小行星让火星不再孤寂寒冷。,2020年12月05日,Teractor,初出茅庐，志在千里,1,2,火星好寂寞，下次记得多陪陪人家~,Arcadian Communities,1,2.0,23,什么？还有不要睡觉的火星人？你是来自木星的吗？,2.5,运气总是起起落落落落落落，我懂你！,10.5,你是如假包换的老拖拖，请问AI中心研究的反重力科技成果怎么样了？,Teractor,102,12,127,2020年12月05日,2,时间管理大师非你莫属！,"国服最强Arcadian Communities
"
ernest,227,作为火星的第二批居民，你们牵引了无数小行星让火星不再孤寂寒冷。,2021年02月08日,PhoboLog,崭露头角，轻取桂冠,2,2,火星好寂寞，下次记得多陪陪人家~,PhoboLog,1,1.0,0,什么？还有不要睡觉的火星人？你是来自木星的吗？,2.5,运气总是起起落落落落落落，我懂你！,9.0,你是如假包换的老拖拖，请问AI中心研究的反重力科技成果怎么样了？,PhoboLog,101,10,129,2021年02月08日,1,哦，原来最多也只是开了一局啊，那没事了。,"国服最强PhoboLog
"
zxapdh,8,作为登陆火星的先行者，你们为火星的建设奠定了坚实的基础！,2020年12月05日,Saturn Systems,愈战愈勇，砥砺前行,2,2,火星好寂寞，下次记得多陪陪人家~,Philares,1,1.0,0,什么？还有不要睡觉的火星人？你是来自木星的吗？,2.5,运气总是起起落落落落落落，我懂你！,9.0,你是如假包换的老拖拖，请问AI中心研究的反重力科技成果怎么样了？,Philares,95,9,146,2020年12月05日,1,哦，原来最多也只是开了一局啊，那没事了。,火星打工人
boxness,405,作为火星的第二批居民，你们牵引了无数小行星让火星不再孤寂寒冷。,2021年06月20日,Tharsis Republic,初出茅庐，志在千里,2,2,火星好寂寞，下次记得多陪陪人家~,Teractor,1,2.0,22,什么？还有不要睡觉的火星人？你是来自木星的吗？,2.5,运气总是起起落落落落落落，我懂你！,9.0,你是如假包换的老拖拖，请问AI中心研究的反重力科技成果怎么样了？,Teractor and ,94,10,148,2021年06月20日,1,哦，原来最多也只是开了一局啊，那没事了。,"国服最强Teractor
"
包子,855,作为火星的新兴势力，感谢你们为火星增添了几分绿意！,2021年04月11日,Point Luna,小试牛刀，施精布略,2,2,火星好寂寞，下次记得多陪陪人家~,Point Luna,1,2.0,1,什么？还有不要睡觉的火星人？你是来自木星的吗？,2.5,运气总是起起落落落落落落，我懂你！,9.0,你是如假包换的老拖拖，请问AI中心研究的反重力科技成果怎么样了？,Point Luna,86,10,180,2021年04月11日,1,哦，原来最多也只是开了一局啊，那没事了。,火星打工人
颜志炫,651,作为火星的第二批居民，你们牵引了无数小行星让火星不再孤寂寒冷。,2021年04月30日,Recyclon,愈战愈勇，砥砺前行,6,6,火星好寂寞，下次记得多陪陪人家~,Teractor (breakthrough),2,1.5,0,什么？还有不要睡觉的火星人？你是来自木星的吗？,2.7,运气总是起起落落落落落落，我懂你！,9.0,你是如假包换的老拖拖，请问AI中心研究的反重力科技成果怎么样了？,Teractor (breakthrough),107,9,114,2021年04月30日,1,哦，原来最多也只是开了一局啊，那没事了。,"国服最强Teractor (breakthrough)
"
laola,362,作为火星的第二批居民，你们牵引了无数小行星让火星不再孤寂寒冷。,2021年05月01日,Valley Trust,愈战愈勇，砥砺前行,2,2,火星好寂寞，下次记得多陪陪人家~,Valley Trust,1,4.0,20,真是元气满满的火星人呢,2.5,运气总是起起落落落落落落，我懂你！,8.0,你改造拖拖两开花，进可过牌变魔术，退可标动打工人,Viron,86,9,179,2021年05月01日,1,哦，原来最多也只是开了一局啊，那没事了。,火星打工人
hong,421,作为火星的第二批居民，你们牵引了无数小行星让火星不再孤寂寒冷。,2021年03月19日,Junk Ventures,小试牛刀，施精布略,2,2,火星好寂寞，下次记得多陪陪人家~,Junk Ventures,1,2.0,3,什么？还有不要睡觉的火星人？你是来自木星的吗？,2.5,运气总是起起落落落落落落，我懂你！,8.5,你是如假包换的老拖拖，请问AI中心研究的反重力科技成果怎么样了？,Junk Ventures,78,9,214,2021年03月19日,1,哦，原来最多也只是开了一局啊，那没事了。,火星打工人
peace,720,作为火星的第二批居民，你们牵引了无数小行星让火星不再孤寂寒冷。,2021年04月30日,Saturn Systems,初出茅庐，志在千里,2,2,火星好寂寞，下次记得多陪陪人家~,Saturn Systems,1,3.0,0,什么？还有不要睡觉的火星人？你是来自木星的吗？,2.5,运气总是起起落落落落落落，我懂你！,10.5,你是如假包换的老拖拖，请问AI中心研究的反重力科技成果怎么样了？,Saturn Systems,80,10,207,2021年04月30日,1,哦，原来最多也只是开了一局啊，那没事了。,火星打工人
鯊魚,821,作为火星的新兴势力，感谢你们为火星增添了几分绿意！,2021年05月17日,Saturn Systems,崭露头角，轻取桂冠,2,2,火星好寂寞，下次记得多陪陪人家~,Robinson Industries,1,4.0,5,什么？还有不要睡觉的火星人？你是来自木星的吗？,2.5,运气总是起起落落落落落落，我懂你！,9.5,你是如假包换的老拖拖，请问AI中心研究的反重力科技成果怎么样了？,Saturn Systems,75,10,228,2021年05月17日,1,哦，原来最多也只是开了一局啊，那没事了。,火星打工人
shishen,801,作为火星的第二批居民，你们牵引了无数小行星让火星不再孤寂寒冷。,2021年05月13日,Astrodrill,初出茅庐，志在千里,2,2,火星好寂寞，下次记得多陪陪人家~,Astrodrill,1,3.0,0,什么？还有不要睡觉的火星人？你是来自木星的吗？,2.5,运气总是起起落落落落落落，我懂你！,9.0,你是如假包换的老拖拖，请问AI中心研究的反重力科技成果怎么样了？,Astrodrill,78,9,217,2021年05月13日,1,哦，原来最多也只是开了一局啊，那没事了。,火星打工人
xiaomo,1013,作为火星的新兴势力，感谢你们为火星增添了几分绿意！,2021年06月20日,United Nations Mars Initiative,愈战愈勇，砥砺前行,2,2,火星好寂寞，下次记得多陪陪人家~,EcoLine,1,1.0,2,什么？还有不要睡觉的火星人？你是来自木星的吗？,2.5,运气总是起起落落落落落落，我懂你！,7.5,你改造拖拖两开花，进可过牌变魔术，退可标动打工人,EcoLine and ,68,8,253,2021年06月20日,1,哦，原来最多也只是开了一局啊，那没事了。,"国服最强EcoLine
"
huasong,100,作为登陆火星的先行者，你们为火星的建设奠定了坚实的基础！,2020年11月08日,Viron (breakthrough),初出茅庐，志在千里,82,105,改造委员会宣布你是火星年度劳模！,Teractor (breakthrough),8,2.75,0,什么？还有不要睡觉的火星人？你是来自木星的吗？,2.8,运气总是起起落落落落落落，我懂你！,7.5,你改造拖拖两开花，进可过牌变魔术，退可标动打工人,Septem Tribus,131,10,48,2020年11月08日,4,火星996说的就是你吧！,火星打工人
tanwu2000,615,作为火星的第二批居民，你们牵引了无数小行星让火星不再孤寂寒冷。,2021年05月05日,Tharsis_republic (breakthrough),愈战愈勇，砥砺前行,18,20,虽然玩得不多，但是改造委员会看到了你的诚意！,Arklight (breakthrough),3,3.333333333333333,17,真是元气满满的火星人呢,2.8,运气总是起起落落落落落落，我懂你！,7.8,你改造拖拖两开花，进可过牌变魔术，退可标动打工人,Interplanetary Cinematics (breakthrough),123,9,72,2021年05月05日,2,时间管理大师非你莫属！,火星打工人
183454241,751,作为火星的第二批居民，你们牵引了无数小行星让火星不再孤寂寒冷。,2021年05月06日,Inventrix,小试牛刀，施精布略,3,3,火星好寂寞，下次记得多陪陪人家~,Inventrix,1,2.0,1,什么？还有不要睡觉的火星人？你是来自木星的吗？,2.7,运气总是起起落落落落落落，我懂你！,8.7,你是如假包换的老拖拖，请问AI中心研究的反重力科技成果怎么样了？,Robinson Industries,80,9,206,2021年05月06日,1,哦，原来最多也只是开了一局啊，那没事了。,火星打工人
steamriki,755,作为火星的第二批居民，你们牵引了无数小行星让火星不再孤寂寒冷。,2021年05月06日,Mining Guild,愈战愈勇，砥砺前行,3,3,火星好寂寞，下次记得多陪陪人家~,Celestic,1,1.0,1,什么？还有不要睡觉的火星人？你是来自木星的吗？,2.7,运气总是起起落落落落落落，我懂你！,8.7,你是如假包换的老拖拖，请问AI中心研究的反重力科技成果怎么样了？,Celestic,85,9,181,2021年05月06日,1,哦，原来最多也只是开了一局啊，那没事了。,"国服最强Celestic
"
yddyqjd,51,作为登陆火星的先行者，你们为火星的建设奠定了坚实的基础！,2020年11月03日,Point Luna,初出茅庐，志在千里,3,3,火星好寂寞，下次记得多陪陪人家~,Cheung Shing MARS,1,2.0,22,什么？还有不要睡觉的火星人？你是来自木星的吗？,2.7,运气总是起起落落落落落落，我懂你！,8.0,你改造拖拖两开花，进可过牌变魔术，退可标动打工人,Philares,66,8,258,2020年11月03日,1,哦，原来最多也只是开了一局啊，那没事了。,火星打工人
米饭,27,作为登陆火星的先行者，你们为火星的建设奠定了坚实的基础！,2020年08月31日,Point Luna,崭露头角，轻取桂冠,11,48,虽然玩得不多，但是改造委员会看到了你的诚意！,Point Luna,9,2.4444444444444446,23,什么？还有不要睡觉的火星人？你是来自木星的吗？,2.8,运气总是起起落落落落落落，我懂你！,8.4,你是如假包换的老拖拖，请问AI中心研究的反重力科技成果怎么样了？,Valley Trust (breakthrough),136,10,42,2020年08月31日,2,时间管理大师非你莫属！,火星打工人
wenxionglam,511,作为火星的第二批居民，你们牵引了无数小行星让火星不再孤寂寒冷。,2021年05月03日,MorningStar Inc (breakthrough),愈战愈勇，砥砺前行,8,8,火星好寂寞，下次记得多陪陪人家~,Poseidon,2,3.5,18,真是元气满满的火星人呢,2.8,运气总是起起落落落落落落，我懂你！,8.2,你是如假包换的老拖拖，请问AI中心研究的反重力科技成果怎么样了？,Poseidon,108,10,112,2021年05月03日,1,哦，原来最多也只是开了一局啊，那没事了。,火星打工人
雪櫻,842,作为火星的新兴势力，感谢你们为火星增添了几分绿意！,2021年05月23日,Poseidon,初出茅庐，志在千里,10,13,虽然玩得不多，但是改造委员会看到了你的诚意！,Brotherhood of Mutants,2,2.5,23,什么？还有不要睡觉的火星人？你是来自木星的吗？,2.8,运气总是起起落落落落落落，我懂你！,6.7,你是纯纯粹粹的改造党，火卫二不在的第N天，想她,Brotherhood of Mutants,102,7,124,2021年05月23日,3,时间管理大师非你莫属！,"国服第十改造党
国服最强Brotherhood of Mutants
"
qfy,261,作为火星的第二批居民，你们牵引了无数小行星让火星不再孤寂寒冷。,2021年02月10日,Helion,初出茅庐，志在千里,13,13,虽然玩得不多，但是改造委员会看到了你的诚意！,Cheung Shing MARS,2,3.0,16,真是元气满满的火星人呢,2.8,运气总是起起落落落落落落，我懂你！,7.9,你改造拖拖两开花，进可过牌变魔术，退可标动打工人,Celestic,87,10,176,2021年02月10日,1,哦，原来最多也只是开了一局啊，那没事了。,火星打工人
ddd,38,作为登陆火星的先行者，你们为火星的建设奠定了坚实的基础！,2020年12月05日,Vitor,初出茅庐，志在千里,3,4,火星好寂寞，下次记得多陪陪人家~,Inventrix,1,2.0,23,什么？还有不要睡觉的火星人？你是来自木星的吗？,2.8,运气总是起起落落落落落落，我懂你！,9.2,你是如假包换的老拖拖，请问AI中心研究的反重力科技成果怎么样了？,Teractor,81,10,203,2020年12月05日,2,时间管理大师非你莫属！,火星打工人
柴郡猫,965,作为火星的新兴势力，感谢你们为火星增添了几分绿意！,2021年06月17日,Mining guild (breakthrough),崭露头角，轻取桂冠,4,4,火星好寂寞，下次记得多陪陪人家~,Mining guild (breakthrough),2,2.5,1,什么？还有不要睡觉的火星人？你是来自木星的吗？,2.8,运气总是起起落落落落落落，我懂你！,6.0,你是纯纯粹粹的改造党，火卫二不在的第N天，想她,Mining guild (breakthrough) and Tharsis_republic (breakthrough),65,6,261,2021年06月17日,1,哦，原来最多也只是开了一局啊，那没事了。,"国服第二改造党
"
silkroad,964,作为火星的新兴势力，感谢你们为火星增添了几分绿意！,2021年06月13日,Saturn Systems,愈战愈勇，砥砺前行,5,5,火星好寂寞，下次记得多陪陪人家~,Aridor,2,2.5,0,什么？还有不要睡觉的火星人？你是来自木星的吗？,2.8,运气总是起起落落落落落落，我懂你！,8.4,你是如假包换的老拖拖，请问AI中心研究的反重力科技成果怎么样了？,Aridor and MorningStar Inc (breakthrough),130,10,51,2021年06月13日,1,哦，原来最多也只是开了一局啊，那没事了。,火星打工人
827717358,863,作为火星的新兴势力，感谢你们为火星增添了几分绿意！,2021年05月31日,Saturn Systems,初出茅庐，志在千里,12,15,虽然玩得不多，但是改造委员会看到了你的诚意！,Septem Tribus,2,1.5,12,早起的火星人有牌抽！,2.8,运气总是起起落落落落落落，我懂你！,7.1,你是纯纯粹粹的改造党，火卫二不在的第N天，想她,Aristarchus,140,9,37,2021年05月31日,3,时间管理大师非你莫属！,"国服最强Septem Tribus
"
思锐,709,作为火星的第二批居民，你们牵引了无数小行星让火星不再孤寂寒冷。,2020年11月10日,Pharmacy Union,愈战愈勇，砥砺前行,6,6,火星好寂寞，下次记得多陪陪人家~,Aphrodite (breakthrough),1,2.0,0,什么？还有不要睡觉的火星人？你是来自木星的吗？,2.8,运气总是起起落落落落落落，我懂你！,7.2,你是纯纯粹粹的改造党，火卫二不在的第N天，想她,Point Luna,100,9,130,2020年11月10日,1,哦，原来最多也只是开了一局啊，那没事了。,"国服最强Aphrodite (breakthrough)
"
123456,510,作为火星的第二批居民，你们牵引了无数小行星让火星不再孤寂寒冷。,2021年02月23日,Teractor (breakthrough),初出茅庐，志在千里,1,1,火星好寂寞，下次记得多陪陪人家~,Teractor (breakthrough),1,3.0,16,真是元气满满的火星人呢,3.0,运气总是起起落落落落落落，我懂你！,9.0,你是如假包换的老拖拖，请问AI中心研究的反重力科技成果怎么样了？,Teractor (breakthrough),73,9,236,2021年02月23日,1,哦，原来最多也只是开了一局啊，那没事了。,火星打工人
sweetish,328,作为火星的第二批居民，你们牵引了无数小行星让火星不再孤寂寒冷。,2021年03月04日,CrediCor,初出茅庐，志在千里,1,1,火星好寂寞，下次记得多陪陪人家~,CrediCor,1,3.0,1,什么？还有不要睡觉的火星人？你是来自木星的吗？,3.0,运气总是起起落落落落落落，我懂你！,10.0,你是如假包换的老拖拖，请问AI中心研究的反重力科技成果怎么样了？,CrediCor,68,10,254,2021年03月04日,1,哦，原来最多也只是开了一局啊，那没事了。,火星打工人
pokerzzz,753,作为火星的第二批居民，你们牵引了无数小行星让火星不再孤寂寒冷。,2021年05月07日,Recyclon,初出茅庐，志在千里,1,1,火星好寂寞，下次记得多陪陪人家~,Recyclon,1,3.0,22,什么？还有不要睡觉的火星人？你是来自木星的吗？,3.0,运气总是起起落落落落落落，我懂你！,9.0,你是如假包换的老拖拖，请问AI中心研究的反重力科技成果怎么样了？,Recyclon,75,9,230,2021年05月07日,1,哦，原来最多也只是开了一局啊，那没事了。,火星打工人
mandapan,1341,作为火星的新兴势力，感谢你们为火星增添了几分绿意！,2021年08月20日,Poseidon,初出茅庐，志在千里,1,1,火星好寂寞，下次记得多陪陪人家~,Poseidon,1,3.0,23,什么？还有不要睡觉的火星人？你是来自木星的吗？,3.0,运气总是起起落落落落落落，我懂你！,9.0,你是如假包换的老拖拖，请问AI中心研究的反重力科技成果怎么样了？,Poseidon and ,84,9,189,2021年08月20日,1,哦，原来最多也只是开了一局啊，那没事了。,火星打工人
dynilath,939,作为火星的新兴势力，感谢你们为火星增添了几分绿意！,2021年06月30日,Teractor (breakthrough),初出茅庐，志在千里,1,1,火星好寂寞，下次记得多陪陪人家~,Teractor (breakthrough),1,3.0,13,早起的火星人有牌抽！,3.0,运气总是起起落落落落落落，我懂你！,6.0,你是纯纯粹粹的改造党，火卫二不在的第N天，想她,Teractor (breakthrough) and Point Luna,69,6,251,2021年06月30日,1,哦，原来最多也只是开了一局啊，那没事了。,"国服第三改造党
"
juyuan,277,作为火星的第二批居民，你们牵引了无数小行星让火星不再孤寂寒冷。,2021年06月24日,Astrodrill,初出茅庐，志在千里,1,1,火星好寂寞，下次记得多陪陪人家~,Astrodrill,1,3.0,19,真是元气满满的火星人呢,3.0,运气总是起起落落落落落落，我懂你！,11.0,你是如假包换的老拖拖，请问AI中心研究的反重力科技成果怎么样了？,Astrodrill and ,85,11,182,2021年06月24日,1,哦，原来最多也只是开了一局啊，那没事了。,"国服第九拖拖党
"
aydenegg,410,作为火星的第二批居民，你们牵引了无数小行星让火星不再孤寂寒冷。,2021年07月24日,Saturn Systems,初出茅庐，志在千里,1,1,火星好寂寞，下次记得多陪陪人家~,Saturn Systems,1,3.0,22,什么？还有不要睡觉的火星人？你是来自木星的吗？,3.0,运气总是起起落落落落落落，我懂你！,10.0,你是如假包换的老拖拖，请问AI中心研究的反重力科技成果怎么样了？,Saturn Systems and ,64,10,266,2021年07月24日,1,哦，原来最多也只是开了一局啊，那没事了。,火星打工人
smorkey,781,作为火星的第二批居民，你们牵引了无数小行星让火星不再孤寂寒冷。,2021年07月23日,Incite,初出茅庐，志在千里,1,1,火星好寂寞，下次记得多陪陪人家~,Incite,1,3.0,21,真是元气满满的火星人呢,3.0,运气总是起起落落落落落落，我懂你！,10.0,你是如假包换的老拖拖，请问AI中心研究的反重力科技成果怎么样了？,Incite and Septem Tribus,102,10,126,2021年07月23日,1,哦，原来最多也只是开了一局啊，那没事了。,火星打工人
byuan,226,作为火星的第二批居民，你们牵引了无数小行星让火星不再孤寂寒冷。,2021年08月15日,Point Luna,初出茅庐，志在千里,1,1,火星好寂寞，下次记得多陪陪人家~,Point Luna,1,3.0,0,什么？还有不要睡觉的火星人？你是来自木星的吗？,3.0,运气总是起起落落落落落落，我懂你！,10.0,你是如假包换的老拖拖，请问AI中心研究的反重力科技成果怎么样了？,Point Luna and ,85,10,186,2021年08月15日,1,哦，原来最多也只是开了一局啊，那没事了。,火星打工人
salaman,764,作为火星的第二批居民，你们牵引了无数小行星让火星不再孤寂寒冷。,2021年05月16日,Valley Trust,初出茅庐，志在千里,1,1,火星好寂寞，下次记得多陪陪人家~,Valley Trust,1,3.0,22,什么？还有不要睡觉的火星人？你是来自木星的吗？,3.0,运气总是起起落落落落落落，我懂你！,8.0,你改造拖拖两开花，进可过牌变魔术，退可标动打工人,Valley Trust,56,8,279,2021年05月16日,1,哦，原来最多也只是开了一局啊，那没事了。,火星打工人
1mmm,904,作为火星的新兴势力，感谢你们为火星增添了几分绿意！,2020年12月05日,Manutech,初出茅庐，志在千里,1,1,火星好寂寞，下次记得多陪陪人家~,Manutech,1,3.0,23,什么？还有不要睡觉的火星人？你是来自木星的吗？,3.0,运气总是起起落落落落落落，我懂你！,7.0,你是纯纯粹粹的改造党，火卫二不在的第N天，想她,Manutech,57,7,278,2020年12月05日,1,哦，原来最多也只是开了一局啊，那没事了。,火星打工人
creeper,89,作为登陆火星的先行者，你们为火星的建设奠定了坚实的基础！,2020年11月08日,Robinson Industries,初出茅庐，志在千里,1,1,火星好寂寞，下次记得多陪陪人家~,Robinson Industries,1,3.0,0,什么？还有不要睡觉的火星人？你是来自木星的吗？,3.0,运气总是起起落落落落落落，我懂你！,9.0,你是如假包换的老拖拖，请问AI中心研究的反重力科技成果怎么样了？,Robinson Industries,66,9,259,2020年11月08日,1,哦，原来最多也只是开了一局啊，那没事了。,火星打工人
feng,1050,作为火星的新兴势力，感谢你们为火星增添了几分绿意！,2021年07月25日,Inventrix,初出茅庐，志在千里,1,1,火星好寂寞，下次记得多陪陪人家~,Inventrix,1,3.0,1,什么？还有不要睡觉的火星人？你是来自木星的吗？,3.0,运气总是起起落落落落落落，我懂你！,10.0,你是如假包换的老拖拖，请问AI中心研究的反重力科技成果怎么样了？,Inventrix and ,79,10,213,2021年07月25日,1,哦，原来最多也只是开了一局啊，那没事了。,火星打工人
坚果sama,752,作为火星的第二批居民，你们牵引了无数小行星让火星不再孤寂寒冷。,2021年05月06日,Point Luna,初出茅庐，志在千里,1,1,火星好寂寞，下次记得多陪陪人家~,Point Luna,1,3.0,23,什么？还有不要睡觉的火星人？你是来自木星的吗？,3.0,运气总是起起落落落落落落，我懂你！,8.0,你改造拖拖两开花，进可过牌变魔术，退可标动打工人,Point Luna,67,8,256,2021年05月06日,1,哦，原来最多也只是开了一局啊，那没事了。,火星打工人
nero,726,作为火星的第二批居民，你们牵引了无数小行星让火星不再孤寂寒冷。,2020年10月22日,CrediCor,初出茅庐，志在千里,1,1,火星好寂寞，下次记得多陪陪人家~,CrediCor,1,3.0,23,什么？还有不要睡觉的火星人？你是来自木星的吗？,3.0,运气总是起起落落落落落落，我懂你！,8.0,你改造拖拖两开花，进可过牌变魔术，退可标动打工人,CrediCor,64,8,263,2020年10月22日,1,哦，原来最多也只是开了一局啊，那没事了。,火星打工人
chest,825,作为火星的新兴势力，感谢你们为火星增添了几分绿意！,2021年05月20日,Astrodrill,初出茅庐，志在千里,1,1,火星好寂寞，下次记得多陪陪人家~,Astrodrill,1,3.0,2,什么？还有不要睡觉的火星人？你是来自木星的吗？,3.0,运气总是起起落落落落落落，我懂你！,10.0,你是如假包换的老拖拖，请问AI中心研究的反重力科技成果怎么样了？,Astrodrill,98,10,140,2021年05月20日,1,哦，原来最多也只是开了一局啊，那没事了。,火星打工人
yty,711,作为火星的第二批居民，你们牵引了无数小行星让火星不再孤寂寒冷。,2021年05月03日,Celestic,初出茅庐，志在千里,1,1,火星好寂寞，下次记得多陪陪人家~,Celestic,1,3.0,1,什么？还有不要睡觉的火星人？你是来自木星的吗？,3.0,运气总是起起落落落落落落，我懂你！,11.0,你是如假包换的老拖拖，请问AI中心研究的反重力科技成果怎么样了？,Celestic,83,11,192,2021年05月03日,1,哦，原来最多也只是开了一局啊，那没事了。,"国服第六拖拖党
"
sfzhang,921,作为火星的新兴势力，感谢你们为火星增添了几分绿意！,2021年06月26日,Inventrix,初出茅庐，志在千里,1,1,火星好寂寞，下次记得多陪陪人家~,Inventrix,1,3.0,21,真是元气满满的火星人呢,3.0,运气总是起起落落落落落落，我懂你！,10.0,你是如假包换的老拖拖，请问AI中心研究的反重力科技成果怎么样了？,Inventrix and ,83,10,194,2021年06月26日,1,哦，原来最多也只是开了一局啊，那没事了。,火星打工人
xigema,912,作为火星的新兴势力，感谢你们为火星增添了几分绿意！,2021年06月25日,Point Luna,初出茅庐，志在千里,1,1,火星好寂寞，下次记得多陪陪人家~,Point Luna,1,3.0,17,真是元气满满的火星人呢,3.0,运气总是起起落落落落落落，我懂你！,10.0,你是如假包换的老拖拖，请问AI中心研究的反重力科技成果怎么样了？,Point Luna and ,73,10,235,2021年06月25日,1,哦，原来最多也只是开了一局啊，那没事了。,火星打工人
fluor,712,作为火星的第二批居民，你们牵引了无数小行星让火星不再孤寂寒冷。,2021年05月02日,Teractor,初出茅庐，志在千里,1,1,火星好寂寞，下次记得多陪陪人家~,Teractor,1,3.0,0,什么？还有不要睡觉的火星人？你是来自木星的吗？,3.0,运气总是起起落落落落落落，我懂你！,11.0,你是如假包换的老拖拖，请问AI中心研究的反重力科技成果怎么样了？,Teractor,59,11,276,2021年05月02日,1,哦，原来最多也只是开了一局啊，那没事了。,"国服第八拖拖党
"
chad,722,作为火星的第二批居民，你们牵引了无数小行星让火星不再孤寂寒冷。,2021年05月05日,Mining Guild,初出茅庐，志在千里,1,1,火星好寂寞，下次记得多陪陪人家~,Mining Guild,1,3.0,0,什么？还有不要睡觉的火星人？你是来自木星的吗？,3.0,运气总是起起落落落落落落，我懂你！,10.0,你是如假包换的老拖拖，请问AI中心研究的反重力科技成果怎么样了？,Mining Guild,64,10,264,2021年05月05日,1,哦，原来最多也只是开了一局啊，那没事了。,火星打工人
阿斯加德,460,作为火星的第二批居民，你们牵引了无数小行星让火星不再孤寂寒冷。,2021年03月21日,Manutech,初出茅庐，志在千里,1,1,火星好寂寞，下次记得多陪陪人家~,Manutech,1,3.0,1,什么？还有不要睡觉的火星人？你是来自木星的吗？,3.0,运气总是起起落落落落落落，我懂你！,8.0,你改造拖拖两开花，进可过牌变魔术，退可标动打工人,Manutech,60,8,273,2021年03月21日,1,哦，原来最多也只是开了一局啊，那没事了。,火星打工人
zhutan,301,作为火星的第二批居民，你们牵引了无数小行星让火星不再孤寂寒冷。,2021年07月27日,Mining Guild,初出茅庐，志在千里,1,1,火星好寂寞，下次记得多陪陪人家~,Mining Guild,1,3.0,23,什么？还有不要睡觉的火星人？你是来自木星的吗？,3.0,运气总是起起落落落落落落，我懂你！,8.0,你改造拖拖两开花，进可过牌变魔术，退可标动打工人,Mining Guild and ,61,8,272,2021年07月27日,1,哦，原来最多也只是开了一局啊，那没事了。,火星打工人
nomad,758,作为火星的第二批居民，你们牵引了无数小行星让火星不再孤寂寒冷。,2021年05月10日,Aridor,初出茅庐，志在千里,1,1,火星好寂寞，下次记得多陪陪人家~,Aridor,1,3.0,1,什么？还有不要睡觉的火星人？你是来自木星的吗？,3.0,运气总是起起落落落落落落，我懂你！,9.0,你是如假包换的老拖拖，请问AI中心研究的反重力科技成果怎么样了？,Aridor,70,9,248,2021年05月10日,1,哦，原来最多也只是开了一局啊，那没事了。,火星打工人
星雨日和,15,作为登陆火星的先行者，你们为火星的建设奠定了坚实的基础！,2020年10月02日,Pharmacy Union,初出茅庐，志在千里,1,1,火星好寂寞，下次记得多陪陪人家~,Pharmacy Union,1,3.0,14,早起的火星人有牌抽！,3.0,运气总是起起落落落落落落，我懂你！,8.0,你改造拖拖两开花，进可过牌变魔术，退可标动打工人,Pharmacy Union,72,8,240,2020年10月02日,1,哦，原来最多也只是开了一局啊，那没事了。,火星打工人
oddish3,607,作为火星的第二批居民，你们牵引了无数小行星让火星不再孤寂寒冷。,2021年04月12日,Cheung Shing MARS,初出茅庐，志在千里,1,1,火星好寂寞，下次记得多陪陪人家~,Cheung Shing MARS,1,3.0,17,真是元气满满的火星人呢,3.0,运气总是起起落落落落落落，我懂你！,10.0,你是如假包换的老拖拖，请问AI中心研究的反重力科技成果怎么样了？,Cheung Shing MARS,81,10,204,2021年04月12日,1,哦，原来最多也只是开了一局啊，那没事了。,火星打工人
vicky,1285,作为火星的新兴势力，感谢你们为火星增添了几分绿意！,2021年08月27日,EcoLine,初出茅庐，志在千里,1,1,火星好寂寞，下次记得多陪陪人家~,EcoLine,1,3.0,23,什么？还有不要睡觉的火星人？你是来自木星的吗？,3.0,运气总是起起落落落落落落，我懂你！,12.0,你是如假包换的老拖拖，请问AI中心研究的反重力科技成果怎么样了？,EcoLine and ,93,12,151,2021年08月27日,1,哦，原来最多也只是开了一局啊，那没事了。,"国服第四拖拖党
"
till when,1187,作为火星的新兴势力，感谢你们为火星增添了几分绿意！,2021年07月15日,CrediCor,初出茅庐，志在千里,1,1,火星好寂寞，下次记得多陪陪人家~,CrediCor,1,3.0,23,什么？还有不要睡觉的火星人？你是来自木星的吗？,3.0,运气总是起起落落落落落落，我懂你！,10.0,你是如假包换的老拖拖，请问AI中心研究的反重力科技成果怎么样了？,CrediCor and ,62,10,271,2021年07月15日,1,哦，原来最多也只是开了一局啊，那没事了。,火星打工人
冰红茶真好喝,91,作为登陆火星的先行者，你们为火星的建设奠定了坚实的基础！,2021年01月04日,Mining Guild,愈战愈勇，砥砺前行,7,7,火星好寂寞，下次记得多陪陪人家~,Celestic,1,2.0,0,什么？还有不要睡觉的火星人？你是来自木星的吗？,2.9,运气总是起起落落落落落落，我懂你！,9.9,你是如假包换的老拖拖，请问AI中心研究的反重力科技成果怎么样了？,Celestic,98,13,138,2021年01月04日,1,哦，原来最多也只是开了一局啊，那没事了。,火星打工人
quill,459,作为火星的第二批居民，你们牵引了无数小行星让火星不再孤寂寒冷。,2021年04月16日,Pobolog (breakthrough),愈战愈勇，砥砺前行,7,7,火星好寂寞，下次记得多陪陪人家~,Factorum (breakthrough),2,3.0,0,什么？还有不要睡觉的火星人？你是来自木星的吗？,2.9,运气总是起起落落落落落落，我懂你！,7.0,你是纯纯粹粹的改造党，火卫二不在的第N天，想她,Tharsis_republic (breakthrough),81,8,202,2021年04月16日,1,哦，原来最多也只是开了一局啊，那没事了。,火星打工人
一灯,276,作为火星的第二批居民，你们牵引了无数小行星让火星不再孤寂寒冷。,2021年03月01日,Recyclon (breakthrough),愈战愈勇，砥砺前行,13,13,虽然玩得不多，但是改造委员会看到了你的诚意！,Id Front,2,3.0,16,真是元气满满的火星人呢,2.8,运气总是起起落落落落落落，我懂你！,8.5,你是如假包换的老拖拖，请问AI中心研究的反重力科技成果怎么样了？,UNMI (breakthrough),114,9,97,2021年03月01日,1,哦，原来最多也只是开了一局啊，那没事了。,火星打工人
lala,472,作为火星的第二批居民，你们牵引了无数小行星让火星不再孤寂寒冷。,2021年03月27日,Mining Guild,小试牛刀，施精布略,1,2,火星好寂寞，下次记得多陪陪人家~,Mining Guild,1,2.0,12,早起的火星人有牌抽！,3.0,运气总是起起落落落落落落，我懂你！,8.5,你是如假包换的老拖拖，请问AI中心研究的反重力科技成果怎么样了？,Pharmacy Union,69,9,252,2021年03月27日,2,时间管理大师非你莫属！,火星打工人
dr,499,作为火星的第二批居民，你们牵引了无数小行星让火星不再孤寂寒冷。,2021年03月26日,Tharsis Republic,初出茅庐，志在千里,2,2,火星好寂寞，下次记得多陪陪人家~,Tharsis Republic,2,3.0,20,真是元气满满的火星人呢,3.0,运气总是起起落落落落落落，我懂你！,10.5,你是如假包换的老拖拖，请问AI中心研究的反重力科技成果怎么样了？,Tharsis Republic,74,11,234,2021年03月26日,1,哦，原来最多也只是开了一局啊，那没事了。,火星打工人
xq,1077,作为火星的新兴势力，感谢你们为火星增添了几分绿意！,2021年06月30日,Vitor,愈战愈勇，砥砺前行,2,2,火星好寂寞，下次记得多陪陪人家~,Saturn Systems,1,2.0,15,真是元气满满的火星人呢,3.0,运气总是起起落落落落落落，我懂你！,9.5,你是如假包换的老拖拖，请问AI中心研究的反重力科技成果怎么样了？,Saturn Systems and ,77,10,219,2021年06月30日,1,哦，原来最多也只是开了一局啊，那没事了。,火星打工人
ccl,260,作为火星的第二批居民，你们牵引了无数小行星让火星不再孤寂寒冷。,2021年03月23日,Point Luna,小试牛刀，施精布略,2,2,火星好寂寞，下次记得多陪陪人家~,Point Luna,1,2.0,21,真是元气满满的火星人呢,3.0,运气总是起起落落落落落落，我懂你！,8.0,你改造拖拖两开花，进可过牌变魔术，退可标动打工人,Point Luna,78,8,218,2021年03月23日,1,哦，原来最多也只是开了一局啊，那没事了。,火星打工人
piaoling,1335,作为火星的新兴势力，感谢你们为火星增添了几分绿意！,2021年08月12日,Midas,愈战愈勇，砥砺前行,8,8,火星好寂寞，下次记得多陪陪人家~,Valley Trust (breakthrough),3,2.0,16,真是元气满满的火星人呢,2.9,运气总是起起落落落落落落，我懂你！,7.6,你改造拖拖两开花，进可过牌变魔术，退可标动打工人,Astrodrill and Helion (breakthrough),78,9,216,2021年08月12日,1,哦，原来最多也只是开了一局啊，那没事了。,火星打工人
eie,767,作为火星的第二批居民，你们牵引了无数小行星让火星不再孤寂寒冷。,2021年05月10日,Viron,小试牛刀，施精布略,2,2,火星好寂寞，下次记得多陪陪人家~,Valley Trust (breakthrough),1,4.0,1,什么？还有不要睡觉的火星人？你是来自木星的吗？,3.0,运气总是起起落落落落落落，我懂你！,9.0,你是如假包换的老拖拖，请问AI中心研究的反重力科技成果怎么样了？,Viron,71,9,242,2021年05月10日,1,哦，原来最多也只是开了一局啊，那没事了。,火星打工人
francis,690,作为火星的第二批居民，你们牵引了无数小行星让火星不再孤寂寒冷。,2021年05月06日,Celestic (breakthrough),初出茅庐，志在千里,2,2,火星好寂寞，下次记得多陪陪人家~,Aphrodite (breakthrough),1,3.0,13,早起的火星人有牌抽！,3.0,运气总是起起落落落落落落，我懂你！,8.0,你改造拖拖两开花，进可过牌变魔术，退可标动打工人,Aphrodite (breakthrough),76,8,225,2021年05月06日,1,哦，原来最多也只是开了一局啊，那没事了。,火星打工人
鸽子,283,作为火星的第二批居民，你们牵引了无数小行星让火星不再孤寂寒冷。,2021年02月19日,Celestic,愈战愈勇，砥砺前行,7,8,火星好寂寞，下次记得多陪陪人家~,Celestic,1,4.0,16,真是元气满满的火星人呢,2.9,运气总是起起落落落落落落，我懂你！,7.2,你是纯纯粹粹的改造党，火卫二不在的第N天，想她,UNMI (breakthrough),91,8,158,2021年02月19日,2,时间管理大师非你莫属！,火星打工人
🍁,1110,作为火星的新兴势力，感谢你们为火星增添了几分绿意！,2021年04月06日,United Nations Mars Initiative,初出茅庐，志在千里,2,2,火星好寂寞，下次记得多陪陪人家~,United Nations Mars Initiative,2,3.0,21,真是元气满满的火星人呢,3.0,运气总是起起落落落落落落，我懂你！,10.5,你是如假包换的老拖拖，请问AI中心研究的反重力科技成果怎么样了？,United Nations Mars Initiative,84,11,191,2021年04月06日,1,哦，原来最多也只是开了一局啊，那没事了。,火星打工人
rohana,598,作为火星的第二批居民，你们牵引了无数小行星让火星不再孤寂寒冷。,2021年05月05日,Septem Tribus,愈战愈勇，砥砺前行,2,2,火星好寂寞，下次记得多陪陪人家~,Septem Tribus,1,4.0,13,早起的火星人有牌抽！,3.0,运气总是起起落落落落落落，我懂你！,7.5,你改造拖拖两开花，进可过牌变魔术，退可标动打工人,Teractor (breakthrough),85,8,183,2021年05月05日,1,哦，原来最多也只是开了一局啊，那没事了。,火星打工人
杭睿,103,作为火星的第二批居民，你们牵引了无数小行星让火星不再孤寂寒冷。,2021年01月04日,Arklight,小试牛刀，施精布略,8,8,火星好寂寞，下次记得多陪陪人家~,Arklight,1,2.0,0,什么？还有不要睡觉的火星人？你是来自木星的吗？,2.9,运气总是起起落落落落落落，我懂你！,9.8,你是如假包换的老拖拖，请问AI中心研究的反重力科技成果怎么样了？,Stormcraft Incorporated,85,13,185,2021年01月04日,1,哦，原来最多也只是开了一局啊，那没事了。,"国服最强Arklight
"
老邱,539,作为火星的第二批居民，你们牵引了无数小行星让火星不再孤寂寒冷。,2021年03月26日,WG Parternship,初出茅庐，志在千里,7,8,火星好寂寞，下次记得多陪陪人家~,Ecoline (breakthrough),2,2.5,13,早起的火星人有牌抽！,2.9,运气总是起起落落落落落落，我懂你！,8.0,你改造拖拖两开花，进可过牌变魔术，退可标动打工人,Ecoline (breakthrough),108,9,113,2021年03月26日,2,时间管理大师非你莫属！,火星打工人
wapian,1020,作为火星的新兴势力，感谢你们为火星增添了几分绿意！,2021年06月23日,Arklight (breakthrough),愈战愈勇，砥砺前行,1,2,火星好寂寞，下次记得多陪陪人家~,Arklight (breakthrough),1,4.0,19,真是元气满满的火星人呢,3.0,运气总是起起落落落落落落，我懂你！,5.5,你是纯纯粹粹的改造党，火卫二不在的第N天，想她,Manutech and Curiosity II,46,6,292,2021年06月23日,2,时间管理大师非你莫属！,"国服第一改造党
"
友人,11,作为登陆火星的先行者，你们为火星的建设奠定了坚实的基础！,2020年12月05日,Vitor,愈战愈勇，砥砺前行,1,2,火星好寂寞，下次记得多陪陪人家~,Manutech,1,2.0,23,什么？还有不要睡觉的火星人？你是来自木星的吗？,3.0,运气总是起起落落落落落落，我懂你！,9.0,你是如假包换的老拖拖，请问AI中心研究的反重力科技成果怎么样了？,Manutech,104,10,122,2020年12月05日,2,时间管理大师非你莫属！,火星打工人
一刀一个牛头人,715,作为火星的第二批居民，你们牵引了无数小行星让火星不再孤寂寒冷。,2021年04月30日,Tharsis Republic,小试牛刀，施精布略,2,2,火星好寂寞，下次记得多陪陪人家~,Helion,1,4.0,0,什么？还有不要睡觉的火星人？你是来自木星的吗？,3.0,运气总是起起落落落落落落，我懂你！,10.5,你是如假包换的老拖拖，请问AI中心研究的反重力科技成果怎么样了？,Tharsis Republic,80,10,209,2021年04月30日,1,哦，原来最多也只是开了一局啊，那没事了。,火星打工人
4tharticle,1259,作为火星的新兴势力，感谢你们为火星增添了几分绿意！,2021年07月29日,Mining Guild,愈战愈勇，砥砺前行,3,3,火星好寂寞，下次记得多陪陪人家~,Arklight,1,4.0,23,什么？还有不要睡觉的火星人？你是来自木星的吗？,3.0,运气总是起起落落落落落落，我懂你！,10.3,你是如假包换的老拖拖，请问AI中心研究的反重力科技成果怎么样了？,Saturn Systems and ,133,12,45,2021年07月29日,1,哦，原来最多也只是开了一局啊，那没事了。,火星打工人
r6y1717,828,作为火星的新兴势力，感谢你们为火星增添了几分绿意！,2021年05月17日,Poseidon,崭露头角，轻取桂冠,3,3,火星好寂寞，下次记得多陪陪人家~,Celestic,1,4.0,2,什么？还有不要睡觉的火星人？你是来自木星的吗？,3.0,运气总是起起落落落落落落，我懂你！,10.0,你是如假包换的老拖拖，请问AI中心研究的反重力科技成果怎么样了？,Poseidon,119,10,82,2021年05月17日,1,哦，原来最多也只是开了一局啊，那没事了。,火星打工人
桃子,768,作为火星的第二批居民，你们牵引了无数小行星让火星不再孤寂寒冷。,2020年12月05日,Manutech,愈战愈勇，砥砺前行,26,27,虽然玩得不多，但是改造委员会看到了你的诚意！,Manutech,3,3.6666666666666665,0,什么？还有不要睡觉的火星人？你是来自木星的吗？,2.9,运气总是起起落落落落落落，我懂你！,8.0,你改造拖拖两开花，进可过牌变魔术，退可标动打工人,Chaos,125,8,65,2020年12月05日,2,时间管理大师非你莫属！,火星打工人
tsukikage,633,作为火星的第二批居民，你们牵引了无数小行星让火星不再孤寂寒冷。,2021年04月20日,Arcadian Communities,崭露头角，轻取桂冠,6,7,火星好寂寞，下次记得多陪陪人家~,Thorgate (breakthrough),2,3.5,1,什么？还有不要睡觉的火星人？你是来自木星的吗？,3.0,运气总是起起落落落落落落，我懂你！,8.6,你是如假包换的老拖拖，请问AI中心研究的反重力科技成果怎么样了？,Arcadian Communities,81,10,201,2021年04月20日,2,时间管理大师非你莫属！,火星打工人
wms,643,作为火星的第二批居民，你们牵引了无数小行星让火星不再孤寂寒冷。,2021年04月20日,Mining Guild,初出茅庐，志在千里,14,16,虽然玩得不多，但是改造委员会看到了你的诚意！,Pobolog (breakthrough),2,3.0,0,什么？还有不要睡觉的火星人？你是来自木星的吗？,2.9,运气总是起起落落落落落落，我懂你！,8.7,你是如假包换的老拖拖，请问AI中心研究的反重力科技成果怎么样了？,Ecoline (breakthrough),89,9,167,2021年04月20日,2,时间管理大师非你莫属！,火星打工人
庄子,119,作为火星的第二批居民，你们牵引了无数小行星让火星不再孤寂寒冷。,2020年12月05日,Valley Trust,愈战愈勇，砥砺前行,7,8,火星好寂寞，下次记得多陪陪人家~,Teractor (breakthrough),3,3.333333333333333,16,真是元气满满的火星人呢,3.0,运气总是起起落落落落落落，我懂你！,8.1,你是如假包换的老拖拖，请问AI中心研究的反重力科技成果怎么样了？,Teractor (breakthrough),120,8,77,2020年12月05日,2,时间管理大师非你莫属！,火星打工人
深海的达不溜,860,作为火星的新兴势力，感谢你们为火星增添了几分绿意！,2021年05月29日,Saturn Systems,崭露头角，轻取桂冠,13,20,虽然玩得不多，但是改造委员会看到了你的诚意！,Inventrix (breakthrough),3,4.0,0,什么？还有不要睡觉的火星人？你是来自木星的吗？,3.0,运气总是起起落落落落落落，我懂你！,8.4,你是如假包换的老拖拖，请问AI中心研究的反重力科技成果怎么样了？,Teractor (breakthrough),109,9,108,2021年05月29日,3,时间管理大师非你莫属！,火星打工人
north,1241,作为火星的新兴势力，感谢你们为火星增添了几分绿意！,2021年07月24日,Helion,愈战愈勇，砥砺前行,1,1,火星好寂寞，下次记得多陪陪人家~,Helion,1,4.0,22,什么？还有不要睡觉的火星人？你是来自木星的吗？,4.0,别灰心！4个人里面只有1个人垫底！,10.0,你是如假包换的老拖拖，请问AI中心研究的反重力科技成果怎么样了？,Helion and ,51,10,286,2021年07月24日,1,哦，原来最多也只是开了一局啊，那没事了。,火星打工人
zgm,540,作为火星的第二批居民，你们牵引了无数小行星让火星不再孤寂寒冷。,2021年04月14日,Stormcraft Incorporated,愈战愈勇，砥砺前行,1,1,火星好寂寞，下次记得多陪陪人家~,Stormcraft Incorporated,1,4.0,23,什么？还有不要睡觉的火星人？你是来自木星的吗？,4.0,别灰心！4个人里面只有1个人垫底！,9.0,你是如假包换的老拖拖，请问AI中心研究的反重力科技成果怎么样了？,Stormcraft Incorporated,52,9,284,2021年04月14日,1,哦，原来最多也只是开了一局啊，那没事了。,火星打工人
花舞,1022,作为火星的新兴势力，感谢你们为火星增添了几分绿意！,2021年06月20日,Tharsis Republic,愈战愈勇，砥砺前行,1,1,火星好寂寞，下次记得多陪陪人家~,Tharsis Republic,1,4.0,0,什么？还有不要睡觉的火星人？你是来自木星的吗？,4.0,别灰心！4个人里面只有1个人垫底！,8.0,你改造拖拖两开花，进可过牌变魔术，退可标动打工人,Tharsis Republic and ,27,8,295,2021年06月20日,1,哦，原来最多也只是开了一局啊，那没事了。,火星打工人
qrcruq,1190,作为火星的新兴势力，感谢你们为火星增添了几分绿意！,2021年07月16日,Saturn Systems,愈战愈勇，砥砺前行,1,1,火星好寂寞，下次记得多陪陪人家~,Saturn Systems,1,4.0,20,真是元气满满的火星人呢,4.0,别灰心！4个人里面只有1个人垫底！,7.0,你是纯纯粹粹的改造党，火卫二不在的第N天，想她,Saturn Systems and United Nations Mission One,40,7,294,2021年07月16日,1,哦，原来最多也只是开了一局啊，那没事了。,火星打工人
无心之魂,770,作为火星的第二批居民，你们牵引了无数小行星让火星不再孤寂寒冷。,2021年05月09日,Saturn Systems,愈战愈勇，砥砺前行,1,1,火星好寂寞，下次记得多陪陪人家~,Saturn Systems,1,4.0,1,什么？还有不要睡觉的火星人？你是来自木星的吗？,4.0,别灰心！4个人里面只有1个人垫底！,9.0,你是如假包换的老拖拖，请问AI中心研究的反重力科技成果怎么样了？,Saturn Systems,71,9,244,2021年05月09日,1,哦，原来最多也只是开了一局啊，那没事了。,火星打工人
ccy,659,作为火星的第二批居民，你们牵引了无数小行星让火星不再孤寂寒冷。,2021年04月23日,Ecoline (breakthrough),愈战愈勇，砥砺前行,1,1,火星好寂寞，下次记得多陪陪人家~,Ecoline (breakthrough),1,4.0,16,真是元气满满的火星人呢,4.0,别灰心！4个人里面只有1个人垫底！,10.0,你是如假包换的老拖拖，请问AI中心研究的反重力科技成果怎么样了？,Ecoline (breakthrough),88,10,170,2021年04月23日,1,哦，原来最多也只是开了一局啊，那没事了。,火星打工人
cyy,849,作为火星的新兴势力，感谢你们为火星增添了几分绿意！,2021年06月26日,Saturn Systems,愈战愈勇，砥砺前行,1,1,火星好寂寞，下次记得多陪陪人家~,Saturn Systems,1,4.0,21,真是元气满满的火星人呢,4.0,别灰心！4个人里面只有1个人垫底！,10.0,你是如假包换的老拖拖，请问AI中心研究的反重力科技成果怎么样了？,Saturn Systems and ,62,10,270,2021年06月26日,1,哦，原来最多也只是开了一局啊，那没事了。,火星打工人
oddish2,606,作为火星的第二批居民，你们牵引了无数小行星让火星不再孤寂寒冷。,2021年04月12日,PhoboLog,愈战愈勇，砥砺前行,1,1,火星好寂寞，下次记得多陪陪人家~,PhoboLog,1,4.0,17,真是元气满满的火星人呢,4.0,别灰心！4个人里面只有1个人垫底！,10.0,你是如假包换的老拖拖，请问AI中心研究的反重力科技成果怎么样了？,PhoboLog,75,10,227,2021年04月12日,1,哦，原来最多也只是开了一局啊，那没事了。,火星打工人
赵赵,1269,作为火星的新兴势力，感谢你们为火星增添了几分绿意！,2021年07月29日,Helion,愈战愈勇，砥砺前行,1,1,火星好寂寞，下次记得多陪陪人家~,Helion,1,4.0,21,真是元气满满的火星人呢,4.0,别灰心！4个人里面只有1个人垫底！,13.0,你是如假包换的老拖拖，请问AI中心研究的反重力科技成果怎么样了？,Helion and ,88,13,172,2021年07月29日,1,哦，原来最多也只是开了一局啊，那没事了。,"国服第三拖拖党
"
leon,871,作为火星的新兴势力，感谢你们为火星增添了几分绿意！,2020年09月09日,Mining guild (breakthrough),愈战愈勇，砥砺前行,1,1,火星好寂寞，下次记得多陪陪人家~,Mining guild (breakthrough),1,4.0,13,早起的火星人有牌抽！,4.0,别灰心！4个人里面只有1个人垫底！,9.0,你是如假包换的老拖拖，请问AI中心研究的反重力科技成果怎么样了？,Mining guild (breakthrough),74,9,233,2020年09月09日,1,哦，原来最多也只是开了一局啊，那没事了。,火星打工人
kkcat,25,作为登陆火星的先行者，你们为火星的建设奠定了坚实的基础！,2021年05月13日,Aridor,愈战愈勇，砥砺前行,1,1,火星好寂寞，下次记得多陪陪人家~,Aridor,1,4.0,20,真是元气满满的火星人呢,4.0,别灰心！4个人里面只有1个人垫底！,9.0,你是如假包换的老拖拖，请问AI中心研究的反重力科技成果怎么样了？,Aridor,71,9,243,2021年05月13日,1,哦，原来最多也只是开了一局啊，那没事了。,火星打工人
lost wall,968,作为火星的新兴势力，感谢你们为火星增添了几分绿意！,2021年07月23日,Valley Trust,愈战愈勇，砥砺前行,1,1,火星好寂寞，下次记得多陪陪人家~,Valley Trust,1,4.0,0,什么？还有不要睡觉的火星人？你是来自木星的吗？,4.0,别灰心！4个人里面只有1个人垫底！,9.0,你是如假包换的老拖拖，请问AI中心研究的反重力科技成果怎么样了？,Valley Trust and ,59,9,274,2021年07月23日,1,哦，原来最多也只是开了一局啊，那没事了。,火星打工人
rastlin,99,作为登陆火星的先行者，你们为火星的建设奠定了坚实的基础！,2020年11月22日,Inventrix,愈战愈勇，砥砺前行,1,1,火星好寂寞，下次记得多陪陪人家~,Inventrix,1,4.0,17,真是元气满满的火星人呢,4.0,别灰心！4个人里面只有1个人垫底！,8.0,你改造拖拖两开花，进可过牌变魔术，退可标动打工人,Inventrix,58,8,277,2020年11月22日,1,哦，原来最多也只是开了一局啊，那没事了。,火星打工人
放学别走,420,作为火星的第二批居民，你们牵引了无数小行星让火星不再孤寂寒冷。,2021年05月23日,Inventrix (breakthrough),愈战愈勇，砥砺前行,1,1,火星好寂寞，下次记得多陪陪人家~,Inventrix (breakthrough),1,4.0,13,早起的火星人有牌抽！,4.0,别灰心！4个人里面只有1个人垫底！,8.0,你改造拖拖两开花，进可过牌变魔术，退可标动打工人,Inventrix (breakthrough),65,8,262,2021年05月23日,1,哦，原来最多也只是开了一局啊，那没事了。,火星打工人
redseagull,827,作为火星的新兴势力，感谢你们为火星增添了几分绿意！,2021年05月16日,Recyclon,愈战愈勇，砥砺前行,1,1,火星好寂寞，下次记得多陪陪人家~,Recyclon,1,4.0,22,什么？还有不要睡觉的火星人？你是来自木星的吗？,4.0,别灰心！4个人里面只有1个人垫底！,8.0,你改造拖拖两开花，进可过牌变魔术，退可标动打工人,Recyclon,55,8,280,2021年05月16日,1,哦，原来最多也只是开了一局啊，那没事了。,火星打工人
c.h.b,1291,作为火星的新兴势力，感谢你们为火星增添了几分绿意！,2021年08月29日,Inventrix,愈战愈勇，砥砺前行,1,1,火星好寂寞，下次记得多陪陪人家~,Inventrix,1,4.0,23,什么？还有不要睡觉的火星人？你是来自木星的吗？,4.0,别灰心！4个人里面只有1个人垫底！,10.0,你是如假包换的老拖拖，请问AI中心研究的反重力科技成果怎么样了？,Inventrix and ,64,10,267,2021年08月29日,1,哦，原来最多也只是开了一局啊，那没事了。,火星打工人
mohanzhi,944,作为火星的新兴势力，感谢你们为火星增添了几分绿意！,2021年06月14日,EcoLine,愈战愈勇，砥砺前行,1,1,火星好寂寞，下次记得多陪陪人家~,EcoLine,1,4.0,0,什么？还有不要睡觉的火星人？你是来自木星的吗？,4.0,别灰心！4个人里面只有1个人垫底！,11.0,你是如假包换的老拖拖，请问AI中心研究的反重力科技成果怎么样了？,EcoLine and ,52,11,285,2021年06月14日,1,哦，原来最多也只是开了一局啊，那没事了。,"国服第七拖拖党
"
辑录,563,作为火星的第二批居民，你们牵引了无数小行星让火星不再孤寂寒冷。,2021年04月05日,United Nations Mars Initiative,愈战愈勇，砥砺前行,1,1,火星好寂寞，下次记得多陪陪人家~,United Nations Mars Initiative,1,4.0,15,真是元气满满的火星人呢,4.0,别灰心！4个人里面只有1个人垫底！,13.0,你是如假包换的老拖拖，请问AI中心研究的反重力科技成果怎么样了？,United Nations Mars Initiative,67,13,255,2021年04月05日,1,哦，原来最多也只是开了一局啊，那没事了。,"国服第二拖拖党
"
gswz,464,作为火星的第二批居民，你们牵引了无数小行星让火星不再孤寂寒冷。,2021年07月01日,Curiosity II,愈战愈勇，砥砺前行,1,1,火星好寂寞，下次记得多陪陪人家~,Curiosity II,1,4.0,14,早起的火星人有牌抽！,4.0,别灰心！4个人里面只有1个人垫底！,7.0,你是纯纯粹粹的改造党，火卫二不在的第N天，想她,Curiosity II and Celestic (breakthrough),64,7,268,2021年07月01日,1,哦，原来最多也只是开了一局啊，那没事了。,火星打工人
yyyz,326,作为火星的第二批居民，你们牵引了无数小行星让火星不再孤寂寒冷。,2021年03月04日,Point Luna,愈战愈勇，砥砺前行,1,1,火星好寂寞，下次记得多陪陪人家~,Point Luna,1,4.0,1,什么？还有不要睡觉的火星人？你是来自木星的吗？,4.0,别灰心！4个人里面只有1个人垫底！,10.0,你是如假包换的老拖拖，请问AI中心研究的反重力科技成果怎么样了？,Point Luna,51,10,287,2021年03月04日,1,哦，原来最多也只是开了一局啊，那没事了。,火星打工人
juri,513,作为火星的第二批居民，你们牵引了无数小行星让火星不再孤寂寒冷。,2021年02月04日,Valley Trust (breakthrough),愈战愈勇，砥砺前行,1,1,火星好寂寞，下次记得多陪陪人家~,Valley Trust (breakthrough),1,4.0,15,真是元气满满的火星人呢,4.0,别灰心！4个人里面只有1个人垫底！,8.0,你改造拖拖两开花，进可过牌变魔术，退可标动打工人,Valley Trust (breakthrough),49,8,289,2021年02月04日,1,哦，原来最多也只是开了一局啊，那没事了。,火星打工人
neetwing,1019,作为火星的新兴势力，感谢你们为火星增添了几分绿意！,2021年06月20日,Helion,愈战愈勇，砥砺前行,1,1,火星好寂寞，下次记得多陪陪人家~,Helion,1,4.0,23,什么？还有不要睡觉的火星人？你是来自木星的吗？,4.0,别灰心！4个人里面只有1个人垫底！,8.0,你改造拖拖两开花，进可过牌变魔术，退可标动打工人,Helion and ,48,8,290,2021年06月20日,1,哦，原来最多也只是开了一局啊，那没事了。,火星打工人
小天半月闪,1004,作为火星的新兴势力，感谢你们为火星增添了几分绿意！,2021年06月17日,Helion (breakthrough),愈战愈勇，砥砺前行,1,1,火星好寂寞，下次记得多陪陪人家~,Helion (breakthrough),1,4.0,23,什么？还有不要睡觉的火星人？你是来自木星的吗？,4.0,别灰心！4个人里面只有1个人垫底！,7.0,你是纯纯粹粹的改造党，火卫二不在的第N天，想她,Helion (breakthrough) and Robinson Industries (breakthrough),42,7,293,2021年06月17日,1,哦，原来最多也只是开了一局啊，那没事了。,火星打工人
william,1088,作为火星的新兴势力，感谢你们为火星增添了几分绿意！,2021年07月01日,Agricola Inc,愈战愈勇，砥砺前行,1,1,火星好寂寞，下次记得多陪陪人家~,Agricola Inc,1,4.0,18,真是元气满满的火星人呢,4.0,别灰心！4个人里面只有1个人垫底！,7.0,你是纯纯粹粹的改造党，火卫二不在的第N天，想她,Agricola Inc and Hotsprings,47,7,291,2021年07月01日,1,哦，原来最多也只是开了一局啊，那没事了。,火星打工人
小智,925,作为火星的新兴势力，感谢你们为火星增添了几分绿意！,2021年06月17日,Curiosity II,初出茅庐，志在千里,2,2,火星好寂寞，下次记得多陪陪人家~,Curiosity II,1,3.0,0,什么？还有不要睡觉的火星人？你是来自木星的吗？,3.5,别灰心！4个人里面只有1个人垫底！,9.5,你是如假包换的老拖拖，请问AI中心研究的反重力科技成果怎么样了？,Curiosity II and ,82,10,200,2021年06月17日,1,哦，原来最多也只是开了一局啊，那没事了。,火星打工人
crlr,775,作为火星的第二批居民，你们牵引了无数小行星让火星不再孤寂寒冷。,2021年05月10日,Mons Insurance,愈战愈勇，砥砺前行,2,2,火星好寂寞，下次记得多陪陪人家~,Astrodrill,1,3.0,1,什么？还有不要睡觉的火星人？你是来自木星的吗？,3.5,别灰心！4个人里面只有1个人垫底！,9.0,你是如假包换的老拖拖，请问AI中心研究的反重力科技成果怎么样了？,Astrodrill,71,9,245,2021年05月10日,1,哦，原来最多也只是开了一局啊，那没事了。,火星打工人
kriko,1193,作为火星的新兴势力，感谢你们为火星增添了几分绿意！,2021年07月26日,PhoboLog,愈战愈勇，砥砺前行,17,27,虽然玩得不多，但是改造委员会看到了你的诚意！,CrediCor,2,3.5,14,早起的火星人有牌抽！,3.0,运气总是起起落落落落落落，我懂你！,6.8,你是纯纯粹粹的改造党，火卫二不在的第N天，想她,Vitor and ,128,7,59,2021年07月26日,4,火星996说的就是你吧！,火星打工人
胡宇彬,984,作为火星的新兴势力，感谢你们为火星增添了几分绿意！,2021年06月14日,Mining Guild,愈战愈勇，砥砺前行,2,3,火星好寂寞，下次记得多陪陪人家~,Mining Guild,1,4.0,23,什么？还有不要睡觉的火星人？你是来自木星的吗？,3.3,别灰心！4个人里面只有1个人垫底！,8.7,你是如假包换的老拖拖，请问AI中心研究的反重力科技成果怎么样了？,Thorgate and ,53,9,283,2021年06月14日,2,时间管理大师非你莫属！,火星打工人
猫猫,1007,作为火星的新兴势力，感谢你们为火星增添了几分绿意！,2021年05月05日,Point Luna,小试牛刀，施精布略,3,3,火星好寂寞，下次记得多陪陪人家~,Aridor,1,4.0,0,什么？还有不要睡觉的火星人？你是来自木星的吗？,3.3,别灰心！4个人里面只有1个人垫底！,9.3,你是如假包换的老拖拖，请问AI中心研究的反重力科技成果怎么样了？,Point Luna,84,9,188,2021年05月05日,1,哦，原来最多也只是开了一局啊，那没事了。,火星打工人
维尼熊,1212,作为火星的新兴势力，感谢你们为火星增添了几分绿意！,2021年07月22日,Factorum (breakthrough),愈战愈勇，砥砺前行,3,3,火星好寂寞，下次记得多陪陪人家~,Curiosity II,1,2.0,0,什么？还有不要睡觉的火星人？你是来自木星的吗？,3.3,别灰心！4个人里面只有1个人垫底！,8.3,你是如假包换的老拖拖，请问AI中心研究的反重力科技成果怎么样了？,Lakefront Resorts and Polyphemos (breakthrough),107,9,115,2021年07月22日,1,哦，原来最多也只是开了一局啊，那没事了。,"国服最强Curiosity II
"
虎虎虎,44,作为登陆火星的先行者，你们为火星的建设奠定了坚实的基础！,2020年11月01日,Factorum (breakthrough),愈战愈勇，砥砺前行,3,3,火星好寂寞，下次记得多陪陪人家~,Aphrodite (breakthrough),1,3.0,0,什么？还有不要睡觉的火星人？你是来自木星的吗？,3.3,别灰心！4个人里面只有1个人垫底！,8.3,你是如假包换的老拖拖，请问AI中心研究的反重力科技成果怎么样了？,Aphrodite (breakthrough),71,9,241,2020年11月01日,1,哦，原来最多也只是开了一局啊，那没事了。,火星打工人
nafarian,1062,作为火星的新兴势力，感谢你们为火星增添了几分绿意！,2021年06月20日,Agricola Inc,小试牛刀，施精布略,27,31,虽然玩得不多，但是改造委员会看到了你的诚意！,Id Front,3,3.333333333333333,22,什么？还有不要睡觉的火星人？你是来自木星的吗？,3.0,运气总是起起落落落落落落，我懂你！,6.9,你是纯纯粹粹的改造党，火卫二不在的第N天，想她,Id Front and Tharsis_republic (breakthrough),109,8,110,2021年06月20日,2,时间管理大师非你莫属！,火星打工人
patxu,667,作为火星的第二批居民，你们牵引了无数小行星让火星不再孤寂寒冷。,2021年08月12日,Tharsis_republic (breakthrough),愈战愈勇，砥砺前行,5,5,火星好寂寞，下次记得多陪陪人家~,Arcadian Communities (breakthrough),1,2.0,0,什么？还有不要睡觉的火星人？你是来自木星的吗？,3.2,别灰心！4个人里面只有1个人垫底！,8.0,你改造拖拖两开花，进可过牌变魔术，退可标动打工人,Valley Trust (breakthrough) and Junk Ventures,122,9,73,2021年08月12日,1,哦，原来最多也只是开了一局啊，那没事了。,"国服最强Arcadian Communities (breakthrough)
"
不泯理念,113,作为火星的第二批居民，你们牵引了无数小行星让火星不再孤寂寒冷。,2021年01月01日,Celestic (breakthrough),愈战愈勇，砥砺前行,5,5,火星好寂寞，下次记得多陪陪人家~,Celestic (breakthrough),1,4.0,1,什么？还有不要睡觉的火星人？你是来自木星的吗？,3.2,别灰心！4个人里面只有1个人垫底！,7.6,你改造拖拖两开花，进可过牌变魔术，退可标动打工人,Saturn Systems,89,8,166,2021年01月01日,1,哦，原来最多也只是开了一局啊，那没事了。,火星打工人
zk2910889,397,作为火星的第二批居民，你们牵引了无数小行星让火星不再孤寂寒冷。,2021年03月17日,CrediCor,愈战愈勇，砥砺前行,6,7,火星好寂寞，下次记得多陪陪人家~,Helion (breakthrough),3,3.6666666666666665,22,什么？还有不要睡觉的火星人？你是来自木星的吗？,3.1,别灰心！4个人里面只有1个人垫底！,7.6,你改造拖拖两开花，进可过牌变魔术，退可标动打工人,Helion (breakthrough),74,8,231,2021年03月17日,2,时间管理大师非你莫属！,火星打工人
荆棘守护,1312,作为火星的新兴势力，感谢你们为火星增添了几分绿意！,2021年08月10日,Philares,初出茅庐，志在千里,7,8,火星好寂寞，下次记得多陪陪人家~,Philares,2,3.5,14,早起的火星人有牌抽！,3.1,别灰心！4个人里面只有1个人垫底！,6.8,你是纯纯粹粹的改造党，火卫二不在的第N天，想她,Brotherhood of Mutants and UNMI (breakthrough),92,9,156,2021年08月10日,2,时间管理大师非你莫属！,火星打工人
听风聆雨,450,作为火星的第二批居民，你们牵引了无数小行星让火星不再孤寂寒冷。,2021年03月17日,Valley Trust (breakthrough),初出茅庐，志在千里,25,29,虽然玩得不多，但是改造委员会看到了你的诚意！,Poseidon,4,3.0,23,什么？还有不要睡觉的火星人？你是来自木星的吗？,3.0,运气总是起起落落落落落落，我懂你！,8.0,你改造拖拖两开花，进可过牌变魔术，退可标动打工人,Pobolog (breakthrough),118,9,84,2021年03月17日,2,时间管理大师非你莫属！,火星打工人
木示,568,作为火星的第二批居民，你们牵引了无数小行星让火星不再孤寂寒冷。,2021年03月10日,Valley Trust (breakthrough),初出茅庐，志在千里,9,12,虽然玩得不多，但是改造委员会看到了你的诚意！,Point Luna,2,2.5,23,什么？还有不要睡觉的火星人？你是来自木星的吗？,3.1,别灰心！4个人里面只有1个人垫底！,8.3,你是如假包换的老拖拖，请问AI中心研究的反重力科技成果怎么样了？,Robinson Industries (breakthrough),135,10,43,2021年03月10日,3,时间管理大师非你莫属！,火星打工人
489326240,986,作为火星的新兴势力，感谢你们为火星增添了几分绿意！,2021年07月03日,Helion,愈战愈勇，砥砺前行,12,12,虽然玩得不多，但是改造委员会看到了你的诚意！,Pobolog (breakthrough),2,2.5,16,真是元气满满的火星人呢,3.1,别灰心！4个人里面只有1个人垫底！,9.4,你是如假包换的老拖拖，请问AI中心研究的反重力科技成果怎么样了？,Inventrix (breakthrough) and ,102,10,128,2021年07月03日,1,哦，原来最多也只是开了一局啊，那没事了。,火星打工人
haha,413,作为火星的第二批居民，你们牵引了无数小行星让火星不再孤寂寒冷。,2021年05月05日,Point Luna,初出茅庐，志在千里,13,14,虽然玩得不多，但是改造委员会看到了你的诚意！,Valley Trust (breakthrough),3,3.6666666666666665,17,真是元气满满的火星人呢,3.1,别灰心！4个人里面只有1个人垫底！,7.6,你改造拖拖两开花，进可过牌变魔术，退可标动打工人,Teractor (breakthrough),131,9,50,2021年05月05日,2,时间管理大师非你莫属！,火星打工人
sayeah,1102,作为火星的新兴势力，感谢你们为火星增添了几分绿意！,2021年07月11日,Manutech,初出茅庐，志在千里,12,29,虽然玩得不多，但是改造委员会看到了你的诚意！,Lakefront Resorts,3,3.0,17,真是元气满满的火星人呢,3.0,运气总是起起落落落落落落，我懂你！,6.7,你是纯纯粹粹的改造党，火卫二不在的第N天，想她,Poseidon and ,125,8,66,2021年07月11日,4,火星996说的就是你吧！,"国服第九改造党
"
无名的鸽子,274,作为火星的第二批居民，你们牵引了无数小行星让火星不再孤寂寒冷。,2021年02月18日,Philares,愈战愈勇，砥砺前行,3,4,火星好寂寞，下次记得多陪陪人家~,Lakefront Resorts,1,2.0,16,真是元气满满的火星人呢,3.5,别灰心！4个人里面只有1个人垫底！,9.0,你是如假包换的老拖拖，请问AI中心研究的反重力科技成果怎么样了？,Terralabs Research (breakthrough),82,10,198,2021年02月18日,2,时间管理大师非你莫属！,火星打工人
啦啦啦,877,作为火星的新兴势力，感谢你们为火星增添了几分绿意！,2021年05月28日,Inventrix (breakthrough),愈战愈勇，砥砺前行,29,33,虽然玩得不多，但是改造委员会看到了你的诚意！,Thorgate (breakthrough),5,3.8,22,什么？还有不要睡觉的火星人？你是来自木星的吗？,3.1,别灰心！4个人里面只有1个人垫底！,8.0,你改造拖拖两开花，进可过牌变魔术，退可标动打工人,Celestic (breakthrough),118,10,85,2021年05月28日,2,时间管理大师非你莫属！,火星打工人
2397541142,943,作为火星的新兴势力，感谢你们为火星增添了几分绿意！,2021年06月14日,Teractor,初出茅庐，志在千里,18,19,虽然玩得不多，但是改造委员会看到了你的诚意！,Mining Guild,2,2.5,23,什么？还有不要睡觉的火星人？你是来自木星的吗？,3.1,别灰心！4个人里面只有1个人垫底！,9.4,你是如假包换的老拖拖，请问AI中心研究的反重力科技成果怎么样了？,Mining Guild and ,104,12,121,2021年06月14日,2,时间管理大师非你莫属！,火星打工人
丝巾,52,作为登陆火星的先行者，你们为火星的建设奠定了坚实的基础！,2020年10月20日,Vitor,愈战愈勇，砥砺前行,2,2,火星好寂寞，下次记得多陪陪人家~,Tharsis_republic (breakthrough),1,4.0,23,什么？还有不要睡觉的火星人？你是来自木星的吗？,4.0,别灰心！4个人里面只有1个人垫底！,9.0,你是如假包换的老拖拖，请问AI中心研究的反重力科技成果怎么样了？,Vitor,66,10,260,2020年10月20日,1,哦，原来最多也只是开了一局啊，那没事了。,火星打工人
mocca,1079,作为火星的新兴势力，感谢你们为火星增添了几分绿意！,2021年07月15日,Point Luna,愈战愈勇，砥砺前行,2,2,火星好寂寞，下次记得多陪陪人家~,EcoLine,1,4.0,1,什么？还有不要睡觉的火星人？你是来自木星的吗？,4.0,别灰心！4个人里面只有1个人垫底！,11.0,你是如假包换的老拖拖，请问AI中心研究的反重力科技成果怎么样了？,EcoLine and ,87,12,178,2021年07月15日,1,哦，原来最多也只是开了一局啊，那没事了。,"国服第十拖拖党
"
zhangcheng,634,作为火星的第二批居民，你们牵引了无数小行星让火星不再孤寂寒冷。,2021年04月30日,Point Luna,愈战愈勇，砥砺前行,2,2,火星好寂寞，下次记得多陪陪人家~,Mining guild (breakthrough),1,4.0,3,什么？还有不要睡觉的火星人？你是来自木星的吗？,4.0,别灰心！4个人里面只有1个人垫底！,6.5,你是纯纯粹粹的改造党，火卫二不在的第N天，想她,Point Luna,67,8,257,2021年04月30日,1,哦，原来最多也只是开了一局啊，那没事了。,"国服第六改造党
"
van,81,作为登陆火星的先行者，你们为火星的建设奠定了坚实的基础！,2020年10月30日,Interplanetary Cinematics,愈战愈勇，砥砺前行,4,4,火星好寂寞，下次记得多陪陪人家~,Factorum,1,4.0,23,什么？还有不要睡觉的火星人？你是来自木星的吗？,3.5,别灰心！4个人里面只有1个人垫底！,9.2,你是如假包换的老拖拖，请问AI中心研究的反重力科技成果怎么样了？,Point Luna,92,10,155,2020年10月30日,1,哦，原来最多也只是开了一局啊，那没事了。,火星打工人
faywei,75,作为登陆火星的先行者，你们为火星的建设奠定了坚实的基础！,2020年10月31日,Poseidon,初出茅庐，志在千里,6,6,火星好寂寞，下次记得多陪陪人家~,Inventrix (breakthrough),1,4.0,15,真是元气满满的火星人呢,3.3,别灰心！4个人里面只有1个人垫底！,7.7,你改造拖拖两开花，进可过牌变魔术，退可标动打工人,Poseidon,72,8,237,2020年10月31日,1,哦，原来最多也只是开了一局啊，那没事了。,火星打工人
flagalac,1122,作为火星的新兴势力，感谢你们为火星增添了几分绿意！,2021年07月15日,Robinson Industries,愈战愈勇，砥砺前行,1,2,火星好寂寞，下次记得多陪陪人家~,Poseidon,1,4.0,0,什么？还有不要睡觉的火星人？你是来自木星的吗？,4.0,别灰心！4个人里面只有1个人垫底！,10.0,你是如假包换的老拖拖，请问AI中心研究的反重力科技成果怎么样了？,Poseidon and ,54,10,281,2021年07月15日,2,时间管理大师非你莫属！,火星打工人
catcher1234,682,作为火星的第二批居民，你们牵引了无数小行星让火星不再孤寂寒冷。,2021年04月29日,Inventrix (breakthrough),初出茅庐，志在千里,65,97,改造委员会宣布你是火星年度劳模！,Manutech,12,3.583333333333333,17,真是元气满满的火星人呢,3.0,运气总是起起落落落落落落，我懂你！,6.8,你是纯纯粹粹的改造党，火卫二不在的第N天，想她,Tharsis_republic (breakthrough),152,9,21,2021年04月29日,3,时间管理大师非你莫属！,火星打工人
blake,85,作为登陆火星的先行者，你们为火星的建设奠定了坚实的基础！,2020年12月09日,Teractor (breakthrough),愈战愈勇，砥砺前行,2,2,火星好寂寞，下次记得多陪陪人家~,Recyclon (breakthrough),1,4.0,13,早起的火星人有牌抽！,4.0,别灰心！4个人里面只有1个人垫底！,7.5,你改造拖拖两开花，进可过牌变魔术，退可标动打工人,Recyclon (breakthrough),50,7,288,2020年12月09日,1,哦，原来最多也只是开了一局啊，那没事了。,火星打工人
26,673,作为火星的第二批居民，你们牵引了无数小行星让火星不再孤寂寒冷。,2021年04月25日,Tharsis_republic (breakthrough),愈战愈勇，砥砺前行,2,2,火星好寂寞，下次记得多陪陪人家~,Teractor (breakthrough),1,4.0,2,什么？还有不要睡觉的火星人？你是来自木星的吗？,4.0,别灰心！4个人里面只有1个人垫底！,8.5,你是如假包换的老拖拖，请问AI中心研究的反重力科技成果怎么样了？,Teractor (breakthrough),82,9,196,2021年04月25日,1,哦，原来最多也只是开了一局啊，那没事了。,火星打工人
something,10,作为登陆火星的先行者，你们为火星的建设奠定了坚实的基础！,2020年08月31日,Thorgate (breakthrough),崭露头角，轻取桂冠,27,82,改造委员会宣布你是火星年度劳模！,Septem Tribus,7,3.142857142857143,23,什么？还有不要睡觉的火星人？你是来自木星的吗？,3.1,别灰心！4个人里面只有1个人垫底！,8.2,你是如假包换的老拖拖，请问AI中心研究的反重力科技成果怎么样了？,Playwrights,132,10,46,2020年08月31日,7,火星996说的就是你吧！,火星打工人
晓黑,116,作为火星的第二批居民，你们牵引了无数小行星让火星不再孤寂寒冷。,2020年12月03日,Point Luna,愈战愈勇，砥砺前行,7,7,火星好寂寞，下次记得多陪陪人家~,Astrodrill,2,4.0,0,什么？还有不要睡觉的火星人？你是来自木星的吗？,3.4,别灰心！4个人里面只有1个人垫底！,7.9,你改造拖拖两开花，进可过牌变魔术，退可标动打工人,Manutech,82,8,197,2020年12月03日,1,哦，原来最多也只是开了一局啊，那没事了。,火星打工人
冬夜丶,222,作为火星的第二批居民，你们牵引了无数小行星让火星不再孤寂寒冷。,2021年02月05日,Celestic (breakthrough),愈战愈勇，砥砺前行,9,10,火星好寂寞，下次记得多陪陪人家~,Arcadian Communities (breakthrough),1,2.0,22,什么？还有不要睡觉的火星人？你是来自木星的吗？,3.4,别灰心！4个人里面只有1个人垫底！,8.4,你是如假包换的老拖拖，请问AI中心研究的反重力科技成果怎么样了？,Thorgate (breakthrough),116,10,89,2021年02月05日,2,时间管理大师非你莫属！,"国服最强Arcadian Communities (breakthrough)
"
amadeus,1109,作为火星的新兴势力，感谢你们为火星增添了几分绿意！,2021年07月11日,Point Luna,愈战愈勇，砥砺前行,17,27,虽然玩得不多，但是改造委员会看到了你的诚意！,Saturn Systems,3,3.333333333333333,21,真是元气满满的火星人呢,3.2,别灰心！4个人里面只有1个人垫底！,6.4,你是纯纯粹粹的改造党，火卫二不在的第N天，想她,Ecoline (breakthrough) and UNMI (breakthrough),85,7,187,2021年07月11日,3,时间管理大师非你莫属！,"国服第五改造党
"
橙子,19,作为登陆火星的先行者，你们为火星的建设奠定了坚实的基础！,2020年08月31日,Inventrix (breakthrough),初出茅庐，志在千里,8,54,虽然玩得不多，但是改造委员会看到了你的诚意！,Teractor (breakthrough),8,2.75,23,什么？还有不要睡觉的火星人？你是来自木星的吗？,3.2,别灰心！4个人里面只有1个人垫底！,8.6,你是如假包换的老拖拖，请问AI中心研究的反重力科技成果怎么样了？,Philares,112,10,104,2020年08月31日,1,哦，原来最多也只是开了一局啊，那没事了。,火星打工人
00,837,作为火星的新兴势力，感谢你们为火星增添了几分绿意！,2021年05月10日,Cheung Shing MARS,愈战愈勇，砥砺前行,24,35,虽然玩得不多，但是改造委员会看到了你的诚意！,Mining guild (breakthrough),3,2.333333333333333,4,什么？还有不要睡觉的火星人？你是来自木星的吗？,3.2,别灰心！4个人里面只有1个人垫底！,7.7,你改造拖拖两开花，进可过牌变魔术，退可标动打工人,Mining guild (breakthrough),116,9,91,2021年05月10日,4,火星996说的就是你吧！,火星打工人
bluelingb,131,作为火星的第二批居民，你们牵引了无数小行星让火星不再孤寂寒冷。,2021年05月02日,Pharmacy Union,愈战愈勇，砥砺前行,11,11,虽然玩得不多，但是改造委员会看到了你的诚意！,Ecoline (breakthrough),2,3.0,0,什么？还有不要睡觉的火星人？你是来自木星的吗？,3.5,别灰心！4个人里面只有1个人垫底！,8.1,你是如假包换的老拖拖，请问AI中心研究的反重力科技成果怎么样了？,Ecoline (breakthrough),90,9,162,2021年05月02日,1,哦，原来最多也只是开了一局啊，那没事了。,火星打工人
1962142767,1133,作为火星的新兴势力，感谢你们为火星增添了几分绿意！,2021年07月08日,Point Luna,愈战愈勇，砥砺前行,4,4,火星好寂寞，下次记得多陪陪人家~,Incite Ender,1,4.0,14,早起的火星人有牌抽！,4.0,别灰心！4个人里面只有1个人垫底！,7.0,你是纯纯粹粹的改造党，火卫二不在的第N天，想她,Pobolog (breakthrough) and Curiosity II,75,7,229,2021年07月08日,1,哦，原来最多也只是开了一局啊，那没事了。,火星打工人
瑞凤,225,作为火星的第二批居民，你们牵引了无数小行星让火星不再孤寂寒冷。,2020年11月28日,Valley Trust (breakthrough),小试牛刀，施精布略,13,24,虽然玩得不多，但是改造委员会看到了你的诚意！,Manutech,4,3.25,23,什么？还有不要睡觉的火星人？你是来自木星的吗？,3.3,别灰心！4个人里面只有1个人垫底！,8.5,你是如假包换的老拖拖，请问AI中心研究的反重力科技成果怎么样了？,Valley Trust (breakthrough),120,10,79,2020年11月28日,2,时间管理大师非你莫属！,火星打工人
joker,954,作为火星的新兴势力，感谢你们为火星增添了几分绿意！,2021年05月24日,Pobolog (breakthrough),愈战愈勇，砥砺前行,8,9,火星好寂寞，下次记得多陪陪人家~,Poseidon,2,4.0,14,早起的火星人有牌抽！,3.7,别灰心！4个人里面只有1个人垫底！,7.3,你改造拖拖两开花，进可过牌变魔术，退可标动打工人,Lakefront Resorts,77,9,220,2021年05月24日,2,时间管理大师非你莫属！,火星打工人
感觉无双,286,作为火星的第二批居民，你们牵引了无数小行星让火星不再孤寂寒冷。,2021年03月04日,Pobolog (breakthrough),愈战愈勇，砥砺前行,11,12,虽然玩得不多，但是改造委员会看到了你的诚意！,Pobolog (breakthrough),3,3.6666666666666665,21,真是元气满满的火星人呢,3.6,别灰心！4个人里面只有1个人垫底！,8.4,你是如假包换的老拖拖，请问AI中心研究的反重力科技成果怎么样了？,Saturn Systems,82,9,195,2021年03月04日,2,时间管理大师非你莫属！,火星打工人
童话,77,作为登陆火星的先行者，你们为火星的建设奠定了坚实的基础！,2021年03月23日,Point Luna,初出茅庐，志在千里,27,33,虽然玩得不多，但是改造委员会看到了你的诚意！,Aridor,3,2.6666666666666665,13,早起的火星人有牌抽！,3.4,别灰心！4个人里面只有1个人垫底！,8.2,你是如假包换的老拖拖，请问AI中心研究的反重力科技成果怎么样了？,Vitor,111,10,105,2021年03月23日,2,时间管理大师非你莫属！,火星打工人
拉普拉斯,515,作为火星的第二批居民，你们牵引了无数小行星让火星不再孤寂寒冷。,2021年03月28日,Factorum,愈战愈勇，砥砺前行,34,37,虽然玩得不多，但是改造委员会看到了你的诚意！,Teractor (breakthrough),4,3.25,22,什么？还有不要睡觉的火星人？你是来自木星的吗？,3.5,别灰心！4个人里面只有1个人垫底！,7.8,你改造拖拖两开花，进可过牌变魔术，退可标动打工人,Point Luna,134,10,44,2021年03月28日,2,时间管理大师非你莫属！,火星打工人
starwolf,270,作为火星的第二批居民，你们牵引了无数小行星让火星不再孤寂寒冷。,2021年05月04日,StormCraft Incorporated (breakthrough),愈战愈勇，砥砺前行,26,32,虽然玩得不多，但是改造委员会看到了你的诚意！,Inventrix (breakthrough),4,3.5,13,早起的火星人有牌抽！,3.6,别灰心！4个人里面只有1个人垫底！,7.3,你改造拖拖两开花，进可过牌变魔术，退可标动打工人,Splice (breakthrough),124,9,67,2021年05月04日,3,时间管理大师非你莫属！,火星打工人
