,Unnamed: 0,Unnamed: 0.1,user_id,first_corp,first_rank,first_time,create_no,total_games,favorite_corp,fa_corp_times,fa_corp_rank,most_freq_play_time,avg_rank,avg_gens,highest_corp,highest_score,highest_gens,played_day,most_date,most_date_times,play_times_sort,gens_sort,terra_sort,highest_sort,bayes_rank,rank_sort,baye_avg,max_corp,create_time_text,first_game_text,total_game_text,favorite_corp_text,favorite_time_text,avg_rank_text,avg_gen_text,best_score_text,games_in_one_day_text,achievement_text,achievement
0,296,296,乙木,Manutech,3.0,2020年08月31日,17,400,Point Luna,32,2.4375,23,2.3,8.0,Chaos,225,10,196,2020年08月31日,5,2,130,84,1,2.214146341463415,184,2.445945945945946,0,作为登陆火星的先行者，你们为火星的建设奠定了坚实的基础！,初出茅庐，志在千里,地球办公室向你颁发感动火星十大人物证书！,日久生情，想必彼此之间已经有羁绊了吧！,什么？还有不要睡觉的火星人？你是来自木星的吗？,运气总是起起落落落落落落，我懂你！,你改造拖拖两开花，进可过牌变魔术，退可标动打工人,火星吉尼斯纪录应该留下你的名字！,火星996说的就是你吧！,,"国服第二肝帝
"
1,282,282,匆匆,Factorum (breakthrough),4.0,2020年11月07日,131,78,Point Luna,8,1.75,23,2.5,8.2,Terralabs Research (breakthrough),220,13,46,2020年11月07日,3,24,120,94,2,2.2590909090909093,190,2.0384615384615383,1,作为火星的第二批居民，你们牵引了无数小行星让火星不再孤寂寒冷。,愈战愈勇，砥砺前行,改造委员会宣布你是火星年度劳模！,不要忘记和他一起度过的愉快生活哦~,什么？还有不要睡觉的火星人？你是来自木星的吗？,运气总是起起落落落落落落，我懂你！,你是如假包换的老拖拖，请问AI中心研究的反重力科技成果怎么样了？,火星吉尼斯纪录应该留下你的名字！,时间管理大师非你莫属！,,
2,295,295,钝钝,Saturn Systems,4.0,2020年08月31日,59,323,Point Luna,22,2.1818181818181817,23,2.0,7.6,Trade Navigator,208,8,193,2020年08月31日,6,3,180,34,3,1.9693693693693688,167,2.240740740740741,0,作为登陆火星的先行者，你们为火星的建设奠定了坚实的基础！,愈战愈勇，砥砺前行,地球办公室向你颁发感动火星十大人物证书！,日久生情，想必彼此之间已经有羁绊了吧！,什么？还有不要睡觉的火星人？你是来自木星的吗？,你是出色的技术流！世界政府需要你这样的人才！,你改造拖拖两开花，进可过牌变魔术，退可标动打工人,火星吉尼斯纪录应该留下你的名字！,火星996说的就是你吧！,,"国服第三肝帝
"
3,268,268,风风,Pobolog (breakthrough),4.0,2021年01月12日,109,44,Vitor,7,2.2857142857142856,21,2.0,8.0,Vitor,193,10,42,2021年01月12日,3,35,136,68,4,1.6814814814814814,137,2.375,0,作为火星的第二批居民，你们牵引了无数小行星让火星不再孤寂寒冷。,愈战愈勇，砥砺前行,虽然玩得不多，但是改造委员会看到了你的诚意！,不要忘记和他一起度过的愉快生活哦~,真是元气满满的火星人呢,你是出色的技术流！世界政府需要你这样的人才！,你改造拖拖两开花，进可过牌变魔术，退可标动打工人,火星吉尼斯纪录应该留下你的名字！,时间管理大师非你莫属！,,
4,245,245,kino,Point Luna,4.0,2020年08月31日,1,25,Point Luna,4,2.0,23,1.9,8.8,Inventrix (breakthrough),184,12,8,2020年08月31日,1,60,65,149,5,1.4228571428571428,122,2.2777777777777777,0,作为登陆火星的先行者，你们为火星的建设奠定了坚实的基础！,愈战愈勇，砥砺前行,虽然玩得不多，但是改造委员会看到了你的诚意！,不要忘记和他一起度过的愉快生活哦~,什么？还有不要睡觉的火星人？你是来自木星的吗？,你是出色的技术流！世界政府需要你这样的人才！,你是如假包换的老拖拖，请问AI中心研究的反重力科技成果怎么样了？,火星吉尼斯纪录应该留下你的名字！,哦，原来最多也只是开了一局啊，那没事了。,,
5,261,261,小z,Aridor,4.0,2020年08月31日,70,37,Poseidon,4,2.0,21,2.1,8.1,Point Luna,174,9,32,2020年08月31日,2,43,124,90,6,1.6978723404255318,141,2.2777777777777777,0,作为登陆火星的先行者，你们为火星的建设奠定了坚实的基础！,愈战愈勇，砥砺前行,虽然玩得不多，但是改造委员会看到了你的诚意！,不要忘记和他一起度过的愉快生活哦~,真是元气满满的火星人呢,运气总是起起落落落落落落，我懂你！,你是如假包换的老拖拖，请问AI中心研究的反重力科技成果怎么样了？,火星吉尼斯纪录应该留下你的名字！,时间管理大师非你莫属！,,
6,147,147,xu,Point Luna,2.0,2020年12月17日,1099,3,Point Luna,2,1.5,13,1.7,9.0,Point Luna,172,9,3,2020年12月17日,1,165,54,164,7,0.6,20,2.2142857142857144,0,作为火星的新兴势力，感谢你们为火星增添了几分绿意！,小试牛刀，施精布略,火星好寂寞，下次记得多陪陪人家~,不要忘记和他一起度过的愉快生活哦~,早起的火星人有牌抽！,你是出色的技术流！世界政府需要你这样的人才！,你是如假包换的老拖拖，请问AI中心研究的反重力科技成果怎么样了？,火星吉尼斯纪录应该留下你的名字！,哦，原来最多也只是开了一局啊，那没事了。,,
7,265,265,文生,Lakefront Resorts,1.0,2020年10月06日,7,41,Valley Trust (breakthrough),4,1.75,23,1.6,8.1,Valley Trust (breakthrough),168,11,33,2020年10月06日,6,38,125,89,8,1.3686274509803915,117,2.1666666666666665,1,作为登陆火星的先行者，你们为火星的建设奠定了坚实的基础！,崭露头角，轻取桂冠,虽然玩得不多，但是改造委员会看到了你的诚意！,不要忘记和他一起度过的愉快生活哦~,什么？还有不要睡觉的火星人？你是来自木星的吗？,你是出色的技术流！世界政府需要你这样的人才！,你是如假包换的老拖拖，请问AI中心研究的反重力科技成果怎么样了？,火星吉尼斯纪录应该留下你的名字！,火星996说的就是你吧！,,
8,280,280,小麦,Pharmacy Union,2.0,2020年11月06日,702,200,Point Luna,12,2.75,13,2.5,7.5,Trade Navigator,163,8,133,2020年11月06日,4,5,189,25,9,2.403809523809524,200,2.676470588235294,0,作为火星的第二批居民，你们牵引了无数小行星让火星不再孤寂寒冷。,小试牛刀，施精布略,地球办公室向你颁发感动火星十大人物证书！,日久生情，想必彼此之间已经有羁绊了吧！,早起的火星人有牌抽！,运气总是起起落落落落落落，我懂你！,你改造拖拖两开花，进可过牌变魔术，退可标动打工人,火星吉尼斯纪录应该留下你的名字！,火星996说的就是你吧！,,"国服第五肝帝
"
9,286,286,泰伯,Factorum (breakthrough),4.0,2021年01月08日,281,119,Point Luna,10,2.7,23,2.6,8.0,UNMI (breakthrough),163,10,60,2021年01月08日,4,13,131,83,10,2.393798449612404,199,2.6333333333333333,0,作为火星的第二批居民，你们牵引了无数小行星让火星不再孤寂寒冷。,愈战愈勇，砥砺前行,改造委员会宣布你是火星年度劳模！,日久生情，想必彼此之间已经有羁绊了吧！,什么？还有不要睡觉的火星人？你是来自木星的吗？,运气总是起起落落落落落落，我懂你！,你改造拖拖两开花，进可过牌变魔术，退可标动打工人,火星吉尼斯纪录应该留下你的名字！,火星996说的就是你吧！,,
10,206,206,🐴 r,Philares,4.0,2021年04月06日,612,11,Poseidon,2,1.5,21,2.0,8.3,Manutech,158,10,10,2021年04月06日,2,91,104,110,11,1.180952380952381,99,2.2142857142857144,0,作为火星的第二批居民，你们牵引了无数小行星让火星不再孤寂寒冷。,愈战愈勇，砥砺前行,虽然玩得不多，但是改造委员会看到了你的诚意！,不要忘记和他一起度过的愉快生活哦~,真是元气满满的火星人呢,你是出色的技术流！世界政府需要你这样的人才！,你是如假包换的老拖拖，请问AI中心研究的反重力科技成果怎么样了？,火星吉尼斯纪录应该留下你的名字！,时间管理大师非你莫属！,,
11,182,182,fklmgj,Helion,3.0,2021年01月04日,63,7,Point Luna,2,2.5,0,2.1,9.9,PhoboLog,157,13,7,2021年01月04日,1,111,18,196,12,1.0470588235294118,88,2.5,0,作为登陆火星的先行者，你们为火星的建设奠定了坚实的基础！,初出茅庐，志在千里,火星好寂寞，下次记得多陪陪人家~,不要忘记和他一起度过的愉快生活哦~,什么？还有不要睡觉的火星人？你是来自木星的吗？,运气总是起起落落落落落落，我懂你！,你是如假包换的老拖拖，请问AI中心研究的反重力科技成果怎么样了？,火星吉尼斯纪录应该留下你的名字！,哦，原来最多也只是开了一局啊，那没事了。,,
12,285,285,ryan,Point Luna,2.0,2020年08月31日,55,124,Point Luna,16,1.9375,23,2.4,8.2,Point Luna,155,10,70,2020年08月31日,3,12,112,102,13,2.252238805970149,188,2.071428571428572,0,作为登陆火星的先行者，你们为火星的建设奠定了坚实的基础！,小试牛刀，施精布略,地球办公室向你颁发感动火星十大人物证书！,日久生情，想必彼此之间已经有羁绊了吧！,什么？还有不要睡觉的火星人？你是来自木星的吗？,运气总是起起落落落落落落，我懂你！,你是如假包换的老拖拖，请问AI中心研究的反重力科技成果怎么样了？,火星吉尼斯纪录应该留下你的名字！,时间管理大师非你莫属！,,
13,201,201,gxz,Tharsis Republic,1.0,2021年05月23日,867,9,Aridor,1,1.0,23,2.2,9.0,Teractor (breakthrough),154,9,9,2021年05月23日,1,101,58,168,14,1.2,102,2.25,1,作为火星的新兴势力，感谢你们为火星增添了几分绿意！,崭露头角，轻取桂冠,火星好寂寞，下次记得多陪陪人家~,不要忘记和他一起度过的愉快生活哦~,什么？还有不要睡觉的火星人？你是来自木星的吗？,运气总是起起落落落落落落，我懂你！,你是如假包换的老拖拖，请问AI中心研究的反重力科技成果怎么样了？,火星吉尼斯纪录应该留下你的名字！,哦，原来最多也只是开了一局啊，那没事了。,,
14,294,294,无语,Teractor (breakthrough),2.0,2020年08月31日,21,180,Point Luna,21,2.238095238095238,23,2.6,8.6,Poseidon,154,9,46,2020年08月31日,3,7,75,139,15,2.4463157894736844,205,2.2884615384615383,0,作为登陆火星的先行者，你们为火星的建设奠定了坚实的基础！,小试牛刀，施精布略,地球办公室向你颁发感动火星十大人物证书！,日久生情，想必彼此之间已经有羁绊了吧！,什么？还有不要睡觉的火星人？你是来自木星的吗？,运气总是起起落落落落落落，我懂你！,你是如假包换的老拖拖，请问AI中心研究的反重力科技成果怎么样了？,火星吉尼斯纪录应该留下你的名字！,时间管理大师非你莫属！,,"国服第七肝帝
"
15,289,289,西瓜,Mining guild (breakthrough),4.0,2020年08月31日,781,107,Manutech,15,2.066666666666667,23,2.0,8.0,Manutech,154,9,51,2020年08月31日,3,15,134,80,16,1.8786324786324784,156,2.175,0,作为火星的第二批居民，你们牵引了无数小行星让火星不再孤寂寒冷。,愈战愈勇，砥砺前行,改造委员会宣布你是火星年度劳模！,日久生情，想必彼此之间已经有羁绊了吧！,什么？还有不要睡觉的火星人？你是来自木星的吗？,你是出色的技术流！世界政府需要你这样的人才！,你改造拖拖两开花，进可过牌变魔术，退可标动打工人,火星吉尼斯纪录应该留下你的名字！,时间管理大师非你莫属！,,
16,270,270,囧囧打人,Aridor,1.0,2021年02月20日,295,172,UNMI (breakthrough),10,1.7,13,2.0,7.2,Arklight (breakthrough),153,9,124,2021年02月20日,3,10,198,16,17,1.9054945054945056,159,1.9666666666666663,0,作为火星的第二批居民，你们牵引了无数小行星让火星不再孤寂寒冷。,崭露头角，轻取桂冠,地球办公室向你颁发感动火星十大人物证书！,日久生情，想必彼此之间已经有羁绊了吧！,早起的火星人有牌抽！,你是出色的技术流！世界政府需要你这样的人才！,你是纯纯粹粹的改造党，火卫二不在的第N天，想她,火星吉尼斯纪录应该留下你的名字！,时间管理大师非你莫属！,,"国服第十肝帝
"
17,269,269,方芳,Poseidon,4.0,2020年08月31日,46,45,Poseidon,6,2.6666666666666665,13,2.2,8.1,Vitor,153,11,39,2020年08月31日,2,33,128,86,18,1.8690909090909087,153,2.590909090909091,0,作为登陆火星的先行者，你们为火星的建设奠定了坚实的基础！,愈战愈勇，砥砺前行,虽然玩得不多，但是改造委员会看到了你的诚意！,不要忘记和他一起度过的愉快生活哦~,早起的火星人有牌抽！,运气总是起起落落落落落落，我懂你！,你是如假包换的老拖拖，请问AI中心研究的反重力科技成果怎么样了？,火星吉尼斯纪录应该留下你的名字！,时间管理大师非你莫属！,,
18,231,231,catcher1234,Inventrix (breakthrough),3.0,2021年04月29日,681,90,Manutech,10,3.7,17,3.0,6.8,Tharsis_republic (breakthrough),152,9,61,2021年04月29日,3,17,206,8,19,2.768,212,3.3,0,作为火星的第二批居民，你们牵引了无数小行星让火星不再孤寂寒冷。,初出茅庐，志在千里,改造委员会宣布你是火星年度劳模！,日久生情，想必彼此之间已经有羁绊了吧！,真是元气满满的火星人呢,运气总是起起落落落落落落，我懂你！,你是纯纯粹粹的改造党，火卫二不在的第N天，想她,火星吉尼斯纪录应该留下你的名字！,时间管理大师非你莫属！,,
19,291,291,ender,Poseidon,4.0,2020年08月31日,2,159,Manutech,11,1.6363636363636365,23,1.8,7.4,Point Luna,151,9,94,2020年08月31日,2,11,190,24,20,1.6792899408284023,136,1.90625,1,作为登陆火星的先行者，你们为火星的建设奠定了坚实的基础！,愈战愈勇，砥砺前行,地球办公室向你颁发感动火星十大人物证书！,日久生情，想必彼此之间已经有羁绊了吧！,什么？还有不要睡觉的火星人？你是来自木星的吗？,你是出色的技术流！世界政府需要你这样的人才！,你改造拖拖两开花，进可过牌变魔术，退可标动打工人,火星吉尼斯纪录应该留下你的名字！,时间管理大师非你莫属！,,
20,168,168,谢国星,Lakefront Resorts,4.0,2021年07月04日,1084,5,Inventrix,1,2.0,23,2.6,9.6,Project Workshop and ,151,11,5,2021年07月04日,1,128,22,192,21,1.0533333333333337,90,2.4166666666666665,0,作为火星的新兴势力，感谢你们为火星增添了几分绿意！,愈战愈勇，砥砺前行,火星好寂寞，下次记得多陪陪人家~,不要忘记和他一起度过的愉快生活哦~,什么？还有不要睡觉的火星人？你是来自木星的吗？,运气总是起起落落落落落落，我懂你！,你是如假包换的老拖拖，请问AI中心研究的反重力科技成果怎么样了？,火星吉尼斯纪录应该留下你的名字！,哦，原来最多也只是开了一局啊，那没事了。,,
21,180,180,王子,Vitor,2.0,2021年03月31日,1009,7,PhoboLog,2,3.0,0,2.1,9.0,Valley Trust,149,10,6,2021年03月31日,2,116,43,154,22,1.0470588235294118,89,2.642857142857143,0,作为火星的新兴势力，感谢你们为火星增添了几分绿意！,小试牛刀，施精布略,火星好寂寞，下次记得多陪陪人家~,不要忘记和他一起度过的愉快生活哦~,什么？还有不要睡觉的火星人？你是来自木星的吗？,运气总是起起落落落落落落，我懂你！,你是如假包换的老拖拖，请问AI中心研究的反重力科技成果怎么样了？,火星吉尼斯纪录应该留下你的名字！,时间管理大师非你莫属！,,
22,197,197,张耀东,PhoboLog,1.0,2021年04月30日,839,9,Ecoline (breakthrough),2,1.0,0,1.9,8.2,Point Luna,148,9,9,2021年04月30日,1,97,114,100,23,1.0421052631578949,87,2.071428571428572,1,作为火星的新兴势力，感谢你们为火星增添了几分绿意！,崭露头角，轻取桂冠,火星好寂寞，下次记得多陪陪人家~,不要忘记和他一起度过的愉快生活哦~,什么？还有不要睡觉的火星人？你是来自木星的吗？,你是出色的技术流！世界政府需要你这样的人才！,你是如假包换的老拖拖，请问AI中心研究的反重力科技成果怎么样了？,火星吉尼斯纪录应该留下你的名字！,哦，原来最多也只是开了一局啊，那没事了。,,
23,274,274,yukikaze,Chaos,4.0,2021年04月24日,641,78,Point Luna,8,2.0,0,2.2,7.6,Vitor,148,10,56,2021年04月24日,4,25,176,38,24,1.9409090909090911,165,2.1923076923076925,0,作为火星的第二批居民，你们牵引了无数小行星让火星不再孤寂寒冷。,愈战愈勇，砥砺前行,改造委员会宣布你是火星年度劳模！,不要忘记和他一起度过的愉快生活哦~,什么？还有不要睡觉的火星人？你是来自木星的吗？,运气总是起起落落落落落落，我懂你！,你改造拖拖两开花，进可过牌变魔术，退可标动打工人,火星吉尼斯纪录应该留下你的名字！,火星996说的就是你吧！,,
24,293,293,阿尔,UNMI (breakthrough),3.0,2021年02月25日,294,174,Point Luna,15,2.466666666666667,14,2.4,7.3,Terralabs Research (breakthrough),147,8,99,2021年02月25日,4,9,193,21,25,2.314130434782609,195,2.475,0,作为火星的第二批居民，你们牵引了无数小行星让火星不再孤寂寒冷。,初出茅庐，志在千里,地球办公室向你颁发感动火星十大人物证书！,日久生情，想必彼此之间已经有羁绊了吧！,早起的火星人有牌抽！,运气总是起起落落落落落落，我懂你！,你改造拖拖两开花，进可过牌变魔术，退可标动打工人,火星吉尼斯纪录应该留下你的名字！,火星996说的就是你吧！,,"国服第九肝帝
"
25,209,209,ghsap,MorningStar Inc (breakthrough),2.0,2021年06月11日,919,10,Tharsis_republic (breakthrough),2,2.5,0,2.0,8.2,Point Luna and Robinson Industries (breakthrough),146,8,9,2021年06月11日,2,92,118,97,26,1.14,94,2.5,1,作为火星的新兴势力，感谢你们为火星增添了几分绿意！,小试牛刀，施精布略,火星好寂寞，下次记得多陪陪人家~,不要忘记和他一起度过的愉快生活哦~,什么？还有不要睡觉的火星人？你是来自木星的吗？,你是出色的技术流！世界政府需要你这样的人才！,你是如假包换的老拖拖，请问AI中心研究的反重力科技成果怎么样了？,火星吉尼斯纪录应该留下你的名字！,时间管理大师非你莫属！,,
26,248,248,aipotu,Helion,3.0,2021年04月20日,651,26,Ecoline (breakthrough),2,1.5,4,2.3,8.0,Pristar,145,11,19,2021年04月20日,3,57,137,69,27,1.7166666666666666,143,2.2142857142857144,0,作为火星的第二批居民，你们牵引了无数小行星让火星不再孤寂寒冷。,初出茅庐，志在千里,虽然玩得不多，但是改造委员会看到了你的诚意！,不要忘记和他一起度过的愉快生活哦~,什么？还有不要睡觉的火星人？你是来自木星的吗？,运气总是起起落落落落落落，我懂你！,你改造拖拖两开花，进可过牌变魔术，退可标动打工人,火星吉尼斯纪录应该留下你的名字！,时间管理大师非你莫属！,,
27,167,167,franklinchan,Septem Tribus,1.0,2020年08月31日,5,323,Manutech,25,2.4,23,2.3,7.7,Id Front,144,9,184,2020年08月31日,4,4,172,42,28,2.2336336336336338,185,2.4166666666666665,0,作为登陆火星的先行者，你们为火星的建设奠定了坚实的基础！,崭露头角，轻取桂冠,地球办公室向你颁发感动火星十大人物证书！,日久生情，想必彼此之间已经有羁绊了吧！,什么？还有不要睡觉的火星人？你是来自木星的吗？,运气总是起起落落落落落落，我懂你！,你改造拖拖两开花，进可过牌变魔术，退可标动打工人,火星吉尼斯纪录应该留下你的名字！,火星996说的就是你吧！,,"国服第四肝帝
"
28,288,288,dwb,Factorum,4.0,2021年04月20日,653,90,Manutech,5,2.2,19,2.5,7.6,Aristarchus,144,10,39,2021年04月20日,5,18,179,35,29,2.3080000000000003,194,2.35,0,作为火星的第二批居民，你们牵引了无数小行星让火星不再孤寂寒冷。,愈战愈勇，砥砺前行,改造委员会宣布你是火星年度劳模！,不要忘记和他一起度过的愉快生活哦~,真是元气满满的火星人呢,运气总是起起落落落落落落，我懂你！,你改造拖拖两开花，进可过牌变魔术，退可标动打工人,火星吉尼斯纪录应该留下你的名字！,火星996说的就是你吧！,,
29,108,108,哈士奇,Robinson Industries,3.0,2021年07月26日,1196,3,EcoLine,1,3.0,16,2.3,11.7,Point Luna and ,143,13,3,2021年07月26日,1,154,1,213,30,0.7538461538461537,54,2.583333333333333,0,作为火星的新兴势力，感谢你们为火星增添了几分绿意！,初出茅庐，志在千里,火星好寂寞，下次记得多陪陪人家~,不要忘记和他一起度过的愉快生活哦~,真是元气满满的火星人呢,运气总是起起落落落落落落，我懂你！,你是如假包换的老拖拖，请问AI中心研究的反重力科技成果怎么样了？,火星吉尼斯纪录应该留下你的名字！,哦，原来最多也只是开了一局啊，那没事了。,,
30,246,246,图拉套,Point Luna,2.0,2020年10月19日,3,26,Inventrix (breakthrough),5,2.0,23,1.8,8.5,Poseidon,143,10,22,2020年10月19日,3,59,85,133,31,1.3833333333333335,119,2.25,1,作为登陆火星的先行者，你们为火星的建设奠定了坚实的基础！,小试牛刀，施精布略,虽然玩得不多，但是改造委员会看到了你的诚意！,不要忘记和他一起度过的愉快生活哦~,什么？还有不要睡觉的火星人？你是来自木星的吗？,你是出色的技术流！世界政府需要你这样的人才！,你是如假包换的老拖拖，请问AI中心研究的反重力科技成果怎么样了？,火星吉尼斯纪录应该留下你的名字！,时间管理大师非你莫属！,,
31,207,207,tamaki,Inventrix (breakthrough),2.0,2021年04月30日,356,10,Terralabs Research (breakthrough),2,3.0,14,2.4,7.7,Celestic (breakthrough),142,10,8,2021年04月30日,2,94,170,44,32,1.34,112,2.642857142857143,0,作为火星的第二批居民，你们牵引了无数小行星让火星不再孤寂寒冷。,小试牛刀，施精布略,火星好寂寞，下次记得多陪陪人家~,不要忘记和他一起度过的愉快生活哦~,早起的火星人有牌抽！,运气总是起起落落落落落落，我懂你！,你改造拖拖两开花，进可过牌变魔术，退可标动打工人,火星吉尼斯纪录应该留下你的名字！,时间管理大师非你莫属！,,
32,45,45,g.c,Saturn Systems,1.0,2021年02月21日,97,2,Celestic (breakthrough),1,2.0,14,1.5,8.5,Saturn Systems,141,9,2,2021年02月21日,1,211,83,135,33,0.4833333333333333,5,2.4166666666666665,0,作为登陆火星的先行者，你们为火星的建设奠定了坚实的基础！,崭露头角，轻取桂冠,火星好寂寞，下次记得多陪陪人家~,不要忘记和他一起度过的愉快生活哦~,早起的火星人有牌抽！,你是出色的技术流！世界政府需要你这样的人才！,你是如假包换的老拖拖，请问AI中心研究的反重力科技成果怎么样了？,火星吉尼斯纪录应该留下你的名字！,哦，原来最多也只是开了一局啊，那没事了。,,
33,226,226,827717358,Saturn Systems,3.0,2021年05月31日,862,15,Septem Tribus,2,1.5,12,2.8,7.1,Aristarchus,140,9,12,2021年05月31日,3,74,200,14,34,1.7919999999999998,147,2.2142857142857144,1,作为火星的新兴势力，感谢你们为火星增添了几分绿意！,初出茅庐，志在千里,虽然玩得不多，但是改造委员会看到了你的诚意！,不要忘记和他一起度过的愉快生活哦~,早起的火星人有牌抽！,运气总是起起落落落落落落，我懂你！,你是纯纯粹粹的改造党，火卫二不在的第N天，想她,火星吉尼斯纪录应该留下你的名字！,时间管理大师非你莫属！,,
34,238,238,12345,Robinson Industries (breakthrough),4.0,2021年02月23日,132,19,Celestic (breakthrough),3,2.333333333333333,15,2.6,8.4,Valley Trust (breakthrough),140,8,16,2021年02月23日,2,66,94,119,35,1.8206896551724132,150,2.4375,0,作为火星的第二批居民，你们牵引了无数小行星让火星不再孤寂寒冷。,愈战愈勇，砥砺前行,虽然玩得不多，但是改造委员会看到了你的诚意！,不要忘记和他一起度过的愉快生活哦~,真是元气满满的火星人呢,运气总是起起落落落落落落，我懂你！,你是如假包换的老拖拖，请问AI中心研究的反重力科技成果怎么样了？,火星吉尼斯纪录应该留下你的名字！,时间管理大师非你莫属！,,
35,225,225,misaki,Pharmacy Union,4.0,2020年08月31日,4,432,Mining guild (breakthrough),32,1.96875,23,2.0,7.8,Point Luna,138,10,202,2020年08月31日,5,1,161,53,36,1.9972850678733036,169,2.0405405405405403,0,作为登陆火星的先行者，你们为火星的建设奠定了坚实的基础！,愈战愈勇，砥砺前行,地球办公室向你颁发感动火星十大人物证书！,日久生情，想必彼此之间已经有羁绊了吧！,什么？还有不要睡觉的火星人？你是来自木星的吗？,你是出色的技术流！世界政府需要你这样的人才！,你改造拖拖两开花，进可过牌变魔术，退可标动打工人,火星吉尼斯纪录应该留下你的名字！,火星996说的就是你吧！,,"国服第一肝帝
"
36,194,194,双子,Valley Trust,1.0,2021年05月31日,901,8,Mining Guild,2,3.0,2,2.5,9.6,Manutech,138,9,7,2021年05月31日,2,104,21,193,37,1.2666666666666666,108,2.642857142857143,0,作为火星的新兴势力，感谢你们为火星增添了几分绿意！,崭露头角，轻取桂冠,火星好寂寞，下次记得多陪陪人家~,不要忘记和他一起度过的愉快生活哦~,什么？还有不要睡觉的火星人？你是来自木星的吗？,运气总是起起落落落落落落，我懂你！,你是如假包换的老拖拖，请问AI中心研究的反重力科技成果怎么样了？,火星吉尼斯纪录应该留下你的名字！,时间管理大师非你莫属！,,
37,290,290,ddxy,Point Luna,3.0,2020年08月31日,135,184,Point Luna,14,2.642857142857143,23,2.3,7.4,Chaos,137,8,112,2020年08月31日,5,6,192,22,38,2.2,183,2.6052631578947367,0,作为火星的第二批居民，你们牵引了无数小行星让火星不再孤寂寒冷。,初出茅庐，志在千里,地球办公室向你颁发感动火星十大人物证书！,日久生情，想必彼此之间已经有羁绊了吧！,什么？还有不要睡觉的火星人？你是来自木星的吗？,运气总是起起落落落落落落，我懂你！,你改造拖拖两开花，进可过牌变魔术，退可标动打工人,火星吉尼斯纪录应该留下你的名字！,火星996说的就是你吧！,,"国服第六肝帝
"
38,262,262,小黑,Pobolog (breakthrough),3.0,2020年10月06日,91,38,Lakefront Resorts,4,2.0,23,2.6,8.4,Manutech,137,10,24,2020年10月06日,2,42,95,120,39,2.120833333333333,177,2.2777777777777777,1,作为登陆火星的先行者，你们为火星的建设奠定了坚实的基础！,初出茅庐，志在千里,虽然玩得不多，但是改造委员会看到了你的诚意！,不要忘记和他一起度过的愉快生活哦~,什么？还有不要睡觉的火星人？你是来自木星的吗？,运气总是起起落落落落落落，我懂你！,你是如假包换的老拖拖，请问AI中心研究的反重力科技成果怎么样了？,火星吉尼斯纪录应该留下你的名字！,时间管理大师非你莫属！,,
39,273,273,米饭,Point Luna,1.0,2020年08月31日,26,48,Point Luna,9,2.4444444444444446,23,2.8,8.4,Valley Trust (breakthrough),136,10,11,2020年08月31日,2,31,93,121,40,2.341379310344828,198,2.4642857142857144,0,作为登陆火星的先行者，你们为火星的建设奠定了坚实的基础！,崭露头角，轻取桂冠,虽然玩得不多，但是改造委员会看到了你的诚意！,不要忘记和他一起度过的愉快生活哦~,什么？还有不要睡觉的火星人？你是来自木星的吗？,运气总是起起落落落落落落，我懂你！,你是如假包换的老拖拖，请问AI中心研究的反重力科技成果怎么样了？,火星吉尼斯纪录应该留下你的名字！,时间管理大师非你莫属！,,
40,227,227,九方蠡,Terralabs Research (breakthrough),4.0,2021年03月09日,261,83,Mining guild (breakthrough),5,1.4,23,2.4,7.7,Inventrix (breakthrough),136,9,54,2021年03月09日,3,20,175,39,41,2.1806451612903235,180,1.95,1,作为火星的第二批居民，你们牵引了无数小行星让火星不再孤寂寒冷。,愈战愈勇，砥砺前行,改造委员会宣布你是火星年度劳模！,不要忘记和他一起度过的愉快生活哦~,什么？还有不要睡觉的火星人？你是来自木星的吗？,运气总是起起落落落落落落，我懂你！,你改造拖拖两开花，进可过牌变魔术，退可标动打工人,火星吉尼斯纪录应该留下你的名字！,时间管理大师非你莫属！,,
41,219,219,木示,Valley Trust (breakthrough),3.0,2021年03月10日,567,12,Point Luna,2,2.5,23,3.1,8.3,Robinson Industries (breakthrough),135,10,9,2021年03月10日,3,86,99,115,42,1.8090909090909089,149,2.5,0,作为火星的第二批居民，你们牵引了无数小行星让火星不再孤寂寒冷。,初出茅庐，志在千里,虽然玩得不多，但是改造委员会看到了你的诚意！,不要忘记和他一起度过的愉快生活哦~,什么？还有不要睡觉的火星人？你是来自木星的吗？,别灰心！4个人里面只有1个人垫底！,你是如假包换的老拖拖，请问AI中心研究的反重力科技成果怎么样了？,火星吉尼斯纪录应该留下你的名字！,时间管理大师非你莫属！,,
42,258,258,拉普拉斯,Factorum,4.0,2021年03月28日,514,33,Point Luna,3,2.0,22,3.4,7.8,Point Luna,134,10,30,2021年03月28日,2,47,160,54,43,2.6930232558139533,209,2.3125,0,作为火星的第二批居民，你们牵引了无数小行星让火星不再孤寂寒冷。,愈战愈勇，砥砺前行,虽然玩得不多，但是改造委员会看到了你的诚意！,不要忘记和他一起度过的愉快生活哦~,什么？还有不要睡觉的火星人？你是来自木星的吗？,别灰心！4个人里面只有1个人垫底！,你改造拖拖两开花，进可过牌变魔术，退可标动打工人,火星吉尼斯纪录应该留下你的名字！,时间管理大师非你莫属！,,
43,115,115,4tharticle,Mining Guild,4.0,2021年07月29日,1258,3,Arklight,1,4.0,23,3.0,10.3,Saturn Systems and ,133,12,3,2021年07月29日,1,145,12,202,44,0.9076923076923078,72,2.75,0,作为火星的新兴势力，感谢你们为火星增添了几分绿意！,愈战愈勇，砥砺前行,火星好寂寞，下次记得多陪陪人家~,不要忘记和他一起度过的愉快生活哦~,什么？还有不要睡觉的火星人？你是来自木星的吗？,运气总是起起落落落落落落，我懂你！,你是如假包换的老拖拖，请问AI中心研究的反重力科技成果怎么样了？,火星吉尼斯纪录应该留下你的名字！,哦，原来最多也只是开了一局啊，那没事了。,,
44,259,259,owl,Vitor,3.0,2020年08月31日,16,35,Point Luna,5,2.2,0,2.3,8.4,Aristarchus,132,9,32,2020年08月31日,2,45,92,122,45,1.8844444444444444,158,2.35,0,作为登陆火星的先行者，你们为火星的建设奠定了坚实的基础！,初出茅庐，志在千里,虽然玩得不多，但是改造委员会看到了你的诚意！,不要忘记和他一起度过的愉快生活哦~,什么？还有不要睡觉的火星人？你是来自木星的吗？,运气总是起起落落落落落落，我懂你！,你是如假包换的老拖拖，请问AI中心研究的反重力科技成果怎么样了？,火星吉尼斯纪录应该留下你的名字！,时间管理大师非你莫属！,,
45,278,278,something,Thorgate (breakthrough),1.0,2020年08月31日,10,79,Septem Tribus,7,3.142857142857143,23,3.1,8.3,Playwrights,132,10,24,2020年08月31日,7,22,105,109,46,2.750561797752809,211,2.875,0,作为登陆火星的先行者，你们为火星的建设奠定了坚实的基础！,崭露头角，轻取桂冠,改造委员会宣布你是火星年度劳模！,不要忘记和他一起度过的愉快生活哦~,什么？还有不要睡觉的火星人？你是来自木星的吗？,别灰心！4个人里面只有1个人垫底！,你是如假包换的老拖拖，请问AI中心研究的反重力科技成果怎么样了？,火星吉尼斯纪录应该留下你的名字！,火星996说的就是你吧！,,
46,224,224,haha,Point Luna,3.0,2021年05月05日,412,14,Valley Trust (breakthrough),3,3.6666666666666665,17,3.1,7.6,Teractor (breakthrough),131,9,13,2021年05月05日,2,75,182,32,47,1.9083333333333332,160,2.9375,0,作为火星的第二批居民，你们牵引了无数小行星让火星不再孤寂寒冷。,初出茅庐，志在千里,虽然玩得不多，但是改造委员会看到了你的诚意！,不要忘记和他一起度过的愉快生活哦~,真是元气满满的火星人呢,别灰心！4个人里面只有1个人垫底！,你改造拖拖两开花，进可过牌变魔术，退可标动打工人,火星吉尼斯纪录应该留下你的名字！,时间管理大师非你莫属！,,
47,64,64,yuexing,Point Luna,3.0,2020年09月06日,823,72,Aridor,6,2.833333333333333,20,2.7,8.6,CrediCor,131,10,61,2020年09月06日,2,26,78,136,48,2.4365853658536585,204,2.6818181818181817,0,作为火星的新兴势力，感谢你们为火星增添了几分绿意！,初出茅庐，志在千里,改造委员会宣布你是火星年度劳模！,不要忘记和他一起度过的愉快生活哦~,真是元气满满的火星人呢,运气总是起起落落落落落落，我懂你！,你是如假包换的老拖拖，请问AI中心研究的反重力科技成果怎么样了？,火星吉尼斯纪录应该留下你的名字！,时间管理大师非你莫属！,,
48,281,281,huasong,Viron (breakthrough),3.0,2020年11月08日,99,96,Teractor (breakthrough),8,2.75,0,2.8,7.6,Septem Tribus,131,10,75,2020年11月08日,4,16,177,37,49,2.526415094339623,206,2.6538461538461537,0,作为登陆火星的先行者，你们为火星的建设奠定了坚实的基础！,初出茅庐，志在千里,改造委员会宣布你是火星年度劳模！,不要忘记和他一起度过的愉快生活哦~,什么？还有不要睡觉的火星人？你是来自木星的吗？,运气总是起起落落落落落落，我懂你！,你改造拖拖两开花，进可过牌变魔术，退可标动打工人,火星吉尼斯纪录应该留下你的名字！,火星996说的就是你吧！,,
49,112,112,暗翼,Poseidon,1.0,2021年05月16日,581,3,Poseidon,2,1.0,3,1.3,9.0,Poseidon,130,9,3,2021年05月16日,1,147,46,157,50,0.5230769230769231,9,2.071428571428572,0,作为火星的第二批居民，你们牵引了无数小行星让火星不再孤寂寒冷。,崭露头角，轻取桂冠,火星好寂寞，下次记得多陪陪人家~,不要忘记和他一起度过的愉快生活哦~,什么？还有不要睡觉的火星人？你是来自木星的吗？,你是出色的技术流！世界政府需要你这样的人才！,你是如假包换的老拖拖，请问AI中心研究的反重力科技成果怎么样了？,火星吉尼斯纪录应该留下你的名字！,哦，原来最多也只是开了一局啊，那没事了。,,
50,164,164,silkroad,Saturn Systems,4.0,2021年06月13日,963,5,Aridor,2,2.5,0,2.8,8.4,Aridor and MorningStar Inc (breakthrough),130,10,5,2021年06月13日,1,127,90,124,51,1.12,92,2.5,0,作为火星的新兴势力，感谢你们为火星增添了几分绿意！,愈战愈勇，砥砺前行,火星好寂寞，下次记得多陪陪人家~,不要忘记和他一起度过的愉快生活哦~,什么？还有不要睡觉的火星人？你是来自木星的吗？,运气总是起起落落落落落落，我懂你！,你是如假包换的老拖拖，请问AI中心研究的反重力科技成果怎么样了？,金星总督向你发来祝贺。,哦，原来最多也只是开了一局啊，那没事了。,,
51,266,266,aptx4869,Thorgate (breakthrough),2.0,2021年03月17日,726,41,Poseidon,4,2.0,23,2.3,7.9,Septem Tribus,129,10,36,2021年03月17日,2,37,159,55,52,1.9372549019607843,163,2.2777777777777777,0,作为火星的第二批居民，你们牵引了无数小行星让火星不再孤寂寒冷。,小试牛刀，施精布略,虽然玩得不多，但是改造委员会看到了你的诚意！,不要忘记和他一起度过的愉快生活哦~,什么？还有不要睡觉的火星人？你是来自木星的吗？,运气总是起起落落落落落落，我懂你！,你改造拖拖两开花，进可过牌变魔术，退可标动打工人,金星总督向你发来祝贺。,时间管理大师非你莫属！,,
52,250,250,庄生,StormCraft Incorporated (breakthrough),2.0,2020年10月27日,18,27,Inventrix (breakthrough),3,2.333333333333333,23,2.6,9.0,Point Luna,129,10,5,2020年10月27日,1,55,63,151,53,1.9405405405405405,164,2.4375,0,作为登陆火星的先行者，你们为火星的建设奠定了坚实的基础！,小试牛刀，施精布略,虽然玩得不多，但是改造委员会看到了你的诚意！,不要忘记和他一起度过的愉快生活哦~,什么？还有不要睡觉的火星人？你是来自木星的吗？,运气总是起起落落落落落落，我懂你！,你是如假包换的老拖拖，请问AI中心研究的反重力科技成果怎么样了？,金星总督向你发来祝贺。,哦，原来最多也只是开了一局啊，那没事了。,,
53,223,223,kriko,PhoboLog,4.0,2021年07月26日,1192,14,Saturn Systems,2,2.5,14,2.9,7.0,Vitor and ,128,7,9,2021年07月26日,3,76,201,13,54,1.825,151,2.5,0,作为火星的新兴势力，感谢你们为火星增添了几分绿意！,愈战愈勇，砥砺前行,虽然玩得不多，但是改造委员会看到了你的诚意！,不要忘记和他一起度过的愉快生活哦~,早起的火星人有牌抽！,运气总是起起落落落落落落，我懂你！,你是纯纯粹粹的改造党，火卫二不在的第N天，想她,金星总督向你发来祝贺。,时间管理大师非你莫属！,,
54,287,287,点点,Philares,2.0,2021年03月23日,485,88,Point Luna,8,2.75,22,2.7,8.0,Pobolog (breakthrough),128,9,69,2021年03月23日,3,19,132,82,55,2.426530612244898,202,2.6538461538461537,0,作为火星的第二批居民，你们牵引了无数小行星让火星不再孤寂寒冷。,小试牛刀，施精布略,改造委员会宣布你是火星年度劳模！,不要忘记和他一起度过的愉快生活哦~,什么？还有不要睡觉的火星人？你是来自木星的吗？,运气总是起起落落落落落落，我懂你！,你改造拖拖两开花，进可过牌变魔术，退可标动打工人,金星总督向你发来祝贺。,时间管理大师非你莫属！,,
55,199,199,尼禄,CrediCor,1.0,2021年07月01日,123,9,Point Luna,2,1.0,16,1.2,7.4,Point Luna and Pobolog (breakthrough),128,9,9,2021年07月01日,1,96,191,23,56,0.7263157894736842,38,2.071428571428572,0,作为火星的第二批居民，你们牵引了无数小行星让火星不再孤寂寒冷。,崭露头角，轻取桂冠,火星好寂寞，下次记得多陪陪人家~,不要忘记和他一起度过的愉快生活哦~,真是元气满满的火星人呢,你是出色的技术流！世界政府需要你这样的人才！,你改造拖拖两开花，进可过牌变魔术，退可标动打工人,金星总督向你发来祝贺。,哦，原来最多也只是开了一局啊，那没事了。,,
56,284,284,一直,Valley Trust (breakthrough),2.0,2020年08月31日,20,79,StormCraft Incorporated (breakthrough),9,2.333333333333333,23,2.7,8.3,Aphrodite (breakthrough),128,10,35,2020年08月31日,6,21,103,111,57,2.413483146067416,201,2.392857142857143,1,作为登陆火星的先行者，你们为火星的建设奠定了坚实的基础！,小试牛刀，施精布略,改造委员会宣布你是火星年度劳模！,不要忘记和他一起度过的愉快生活哦~,什么？还有不要睡觉的火星人？你是来自木星的吗？,运气总是起起落落落落落落，我懂你！,你是如假包换的老拖拖，请问AI中心研究的反重力科技成果怎么样了？,金星总督向你发来祝贺。,火星996说的就是你吧！,,
57,272,272,你好,Celestic (breakthrough),3.0,2021年01月07日,290,45,UNMI (breakthrough),6,2.5,14,2.6,7.8,Saturn Systems,128,9,30,2021年01月07日,4,34,163,51,58,2.141818181818182,179,2.5,0,作为火星的第二批居民，你们牵引了无数小行星让火星不再孤寂寒冷。,初出茅庐，志在千里,虽然玩得不多，但是改造委员会看到了你的诚意！,不要忘记和他一起度过的愉快生活哦~,早起的火星人有牌抽！,运气总是起起落落落落落落，我懂你！,你改造拖拖两开花，进可过牌变魔术，退可标动打工人,金星总督向你发来祝贺。,火星996说的就是你吧！,,
58,122,122,psycho,Mining Guild,3.0,2021年06月29日,1080,3,Mining Guild,1,3.0,1,1.7,10.7,Teractor and ,127,12,3,2021年06月29日,1,155,5,209,59,0.6,19,2.583333333333333,0,作为火星的新兴势力，感谢你们为火星增添了几分绿意！,初出茅庐，志在千里,火星好寂寞，下次记得多陪陪人家~,不要忘记和他一起度过的愉快生活哦~,什么？还有不要睡觉的火星人？你是来自木星的吗？,你是出色的技术流！世界政府需要你这样的人才！,你是如假包换的老拖拖，请问AI中心研究的反重力科技成果怎么样了？,金星总督向你发来祝贺。,哦，原来最多也只是开了一局啊，那没事了。,,
59,156,156,starry,Poseidon,2.0,2021年05月02日,69,4,CrediCor,1,4.0,19,2.2,8.2,Tharsis_republic (breakthrough),127,10,4,2021年05月02日,1,132,109,105,60,0.8428571428571429,65,2.75,0,作为登陆火星的先行者，你们为火星的建设奠定了坚实的基础！,小试牛刀，施精布略,火星好寂寞，下次记得多陪陪人家~,不要忘记和他一起度过的愉快生活哦~,真是元气满满的火星人呢,运气总是起起落落落落落落，我懂你！,你是如假包换的老拖拖，请问AI中心研究的反重力科技成果怎么样了？,金星总督向你发来祝贺。,哦，原来最多也只是开了一局啊，那没事了。,,
60,276,276,永远,Helion (breakthrough),4.0,2021年03月17日,58,53,MorningStar Inc (breakthrough),6,3.0,23,2.7,7.9,Inventrix (breakthrough),127,10,38,2021年03月17日,3,29,149,65,61,2.298412698412699,192,2.772727272727273,0,作为登陆火星的先行者，你们为火星的建设奠定了坚实的基础！,愈战愈勇，砥砺前行,虽然玩得不多，但是改造委员会看到了你的诚意！,不要忘记和他一起度过的愉快生活哦~,什么？还有不要睡觉的火星人？你是来自木星的吗？,运气总是起起落落落落落落，我懂你！,你改造拖拖两开花，进可过牌变魔术，退可标动打工人,金星总督向你发来祝贺。,时间管理大师非你莫属！,,
61,279,279,二羊,Teractor (breakthrough),3.0,2020年08月31日,79,68,Celestic (breakthrough),5,2.0,23,2.3,8.2,Vitor,126,10,13,2020年08月31日,2,27,115,99,62,2.01025641025641,170,2.25,1,作为登陆火星的先行者，你们为火星的建设奠定了坚实的基础！,初出茅庐，志在千里,改造委员会宣布你是火星年度劳模！,不要忘记和他一起度过的愉快生活哦~,什么？还有不要睡觉的火星人？你是来自木星的吗？,运气总是起起落落落落落落，我懂你！,你是如假包换的老拖拖，请问AI中心研究的反重力科技成果怎么样了？,金星总督向你发来祝贺。,时间管理大师非你莫属！,,
62,253,253,sayeah,Manutech,3.0,2021年07月11日,1101,29,Lakefront Resorts,3,3.0,17,3.0,6.7,Poseidon and ,125,8,12,2021年07月11日,4,52,208,6,63,2.328205128205128,197,2.6875,0,作为火星的新兴势力，感谢你们为火星增添了几分绿意！,初出茅庐，志在千里,虽然玩得不多，但是改造委员会看到了你的诚意！,不要忘记和他一起度过的愉快生活哦~,真是元气满满的火星人呢,运气总是起起落落落落落落，我懂你！,你是纯纯粹粹的改造党，火卫二不在的第N天，想她,金星总督向你发来祝贺。,火星996说的就是你吧！,,
63,249,249,桃子,Manutech,4.0,2020年12月05日,767,27,Manutech,3,3.6666666666666665,0,2.9,8.0,Chaos,125,8,26,2020年12月05日,2,56,139,71,64,2.183783783783784,181,2.9375,0,作为火星的第二批居民，你们牵引了无数小行星让火星不再孤寂寒冷。,愈战愈勇，砥砺前行,虽然玩得不多，但是改造委员会看到了你的诚意！,不要忘记和他一起度过的愉快生活哦~,什么？还有不要睡觉的火星人？你是来自木星的吗？,运气总是起起落落落落落落，我懂你！,你改造拖拖两开花，进可过牌变魔术，退可标动打工人,金星总督向你发来祝贺。,时间管理大师非你莫属！,,
64,230,230,黄鸡,Poseidon,3.0,2020年08月31日,33,32,Manutech,4,2.25,23,2.4,7.9,Valley Trust (breakthrough),124,7,10,2020年08月31日,7,49,151,63,65,1.876190476190476,155,2.388888888888889,0,作为登陆火星的先行者，你们为火星的建设奠定了坚实的基础！,初出茅庐，志在千里,虽然玩得不多，但是改造委员会看到了你的诚意！,不要忘记和他一起度过的愉快生活哦~,什么？还有不要睡觉的火星人？你是来自木星的吗？,运气总是起起落落落落落落，我懂你！,你改造拖拖两开花，进可过牌变魔术，退可标动打工人,金星总督向你发来祝贺。,火星996说的就是你吧！,,
65,251,251,老王,Teractor (breakthrough),1.0,2020年08月31日,1199,28,Vitor,3,1.6666666666666667,23,2.3,8.7,Stormcraft Incorporated,124,11,22,2020年08月31日,7,54,66,148,66,1.7842105263157897,146,2.1875,1,作为火星的新兴势力，感谢你们为火星增添了几分绿意！,崭露头角，轻取桂冠,虽然玩得不多，但是改造委员会看到了你的诚意！,不要忘记和他一起度过的愉快生活哦~,什么？还有不要睡觉的火星人？你是来自木星的吗？,运气总是起起落落落落落落，我懂你！,你是如假包换的老拖拖，请问AI中心研究的反重力科技成果怎么样了？,金星总督向你发来祝贺。,火星996说的就是你吧！,,
66,256,256,starwolf,StormCraft Incorporated (breakthrough),4.0,2021年05月04日,269,32,Inventrix (breakthrough),4,3.5,13,3.6,7.3,Splice (breakthrough),124,9,26,2021年05月04日,3,48,194,20,67,2.8285714285714283,213,2.9444444444444446,0,作为火星的第二批居民，你们牵引了无数小行星让火星不再孤寂寒冷。,愈战愈勇，砥砺前行,虽然玩得不多，但是改造委员会看到了你的诚意！,不要忘记和他一起度过的愉快生活哦~,早起的火星人有牌抽！,别灰心！4个人里面只有1个人垫底！,你改造拖拖两开花，进可过牌变魔术，退可标动打工人,金星总督向你发来祝贺。,时间管理大师非你莫属！,,
67,275,275,xixo,Point Luna,1.0,2021年03月26日,483,50,Pobolog (breakthrough),6,1.6666666666666667,13,1.9,8.0,Manutech,124,10,43,2021年03月26日,2,30,133,81,68,1.6133333333333333,134,2.0454545454545454,1,作为火星的第二批居民，你们牵引了无数小行星让火星不再孤寂寒冷。,崭露头角，轻取桂冠,虽然玩得不多，但是改造委员会看到了你的诚意！,不要忘记和他一起度过的愉快生活哦~,早起的火星人有牌抽！,你是出色的技术流！世界政府需要你这样的人才！,你改造拖拖两开花，进可过牌变魔术，退可标动打工人,金星总督向你发来祝贺。,时间管理大师非你莫属！,,
68,292,292,奶牛,Celestic (breakthrough),4.0,2020年11月11日,83,177,Manutech,10,2.6,21,2.6,7.5,Point Luna,123,7,111,2020年11月11日,6,8,183,31,69,2.4320855614973262,203,2.566666666666667,0,作为登陆火星的先行者，你们为火星的建设奠定了坚实的基础！,愈战愈勇，砥砺前行,地球办公室向你颁发感动火星十大人物证书！,日久生情，想必彼此之间已经有羁绊了吧！,真是元气满满的火星人呢,运气总是起起落落落落落落，我懂你！,你改造拖拖两开花，进可过牌变魔术，退可标动打工人,金星总督向你发来祝贺。,火星996说的就是你吧！,,"国服第八肝帝
"
69,241,241,tanwu2000,Tharsis_republic (breakthrough),4.0,2021年05月05日,614,20,Arklight (breakthrough),3,3.333333333333333,17,2.8,7.8,Interplanetary Cinematics (breakthrough),123,9,18,2021年05月05日,2,65,168,46,70,1.9266666666666663,162,2.8125,0,作为火星的第二批居民，你们牵引了无数小行星让火星不再孤寂寒冷。,愈战愈勇，砥砺前行,虽然玩得不多，但是改造委员会看到了你的诚意！,不要忘记和他一起度过的愉快生活哦~,真是元气满满的火星人呢,运气总是起起落落落落落落，我懂你！,你改造拖拖两开花，进可过牌变魔术，退可标动打工人,金星总督向你发来祝贺。,时间管理大师非你莫属！,,
70,244,244,无情的命运,Pobolog (breakthrough),1.0,2021年03月17日,436,23,Poseidon,3,2.0,0,2.4,8.0,Valley Trust (breakthrough),121,10,21,2021年03月17日,2,61,129,85,71,1.7515151515151517,145,2.3125,0,作为火星的第二批居民，你们牵引了无数小行星让火星不再孤寂寒冷。,崭露头角，轻取桂冠,虽然玩得不多，但是改造委员会看到了你的诚意！,不要忘记和他一起度过的愉快生活哦~,什么？还有不要睡觉的火星人？你是来自木星的吗？,运气总是起起落落落落落落，我懂你！,你改造拖拖两开花，进可过牌变魔术，退可标动打工人,金星总督向你发来祝贺。,时间管理大师非你莫属！,,
71,243,243,水鬼,Inventrix (breakthrough),3.0,2020年11月11日,222,22,Saturn Systems,4,2.75,23,2.8,8.2,Point Luna,121,10,19,2020年11月11日,4,62,113,101,72,1.99375,168,2.611111111111111,0,作为火星的第二批居民，你们牵引了无数小行星让火星不再孤寂寒冷。,初出茅庐，志在千里,虽然玩得不多，但是改造委员会看到了你的诚意！,不要忘记和他一起度过的愉快生活哦~,什么？还有不要睡觉的火星人？你是来自木星的吗？,运气总是起起落落落落落落，我懂你！,你是如假包换的老拖拖，请问AI中心研究的反重力科技成果怎么样了？,金星总督向你发来祝贺。,火星996说的就是你吧！,,
72,242,242,瑞凤,Valley Trust (breakthrough),2.0,2020年11月28日,224,21,Manutech,4,3.25,23,3.2,8.6,Valley Trust (breakthrough),120,10,11,2020年11月28日,2,63,77,137,73,2.2516129032258063,187,2.833333333333333,0,作为火星的第二批居民，你们牵引了无数小行星让火星不再孤寂寒冷。,小试牛刀，施精布略,虽然玩得不多，但是改造委员会看到了你的诚意！,不要忘记和他一起度过的愉快生活哦~,什么？还有不要睡觉的火星人？你是来自木星的吗？,别灰心！4个人里面只有1个人垫底！,你是如假包换的老拖拖，请问AI中心研究的反重力科技成果怎么样了？,金星总督向你发来祝贺。,时间管理大师非你莫属！,,
73,229,229,小五羊,Inventrix,3.0,2020年12月14日,114,16,Saturn Systems,3,2.0,21,2.6,7.8,Manutech,120,8,14,2020年12月14日,2,72,162,52,74,1.6846153846153844,138,2.3125,1,作为火星的第二批居民，你们牵引了无数小行星让火星不再孤寂寒冷。,初出茅庐，志在千里,虽然玩得不多，但是改造委员会看到了你的诚意！,不要忘记和他一起度过的愉快生活哦~,真是元气满满的火星人呢,运气总是起起落落落落落落，我懂你！,你改造拖拖两开花，进可过牌变魔术，退可标动打工人,金星总督向你发来祝贺。,时间管理大师非你莫属！,,
74,188,188,庄子,Valley Trust,4.0,2020年12月05日,118,8,Teractor (breakthrough),3,3.333333333333333,16,3.0,8.1,Teractor (breakthrough),120,8,7,2020年12月05日,2,109,123,91,75,1.488888888888889,129,2.8125,0,作为火星的第二批居民，你们牵引了无数小行星让火星不再孤寂寒冷。,愈战愈勇，砥砺前行,火星好寂寞，下次记得多陪陪人家~,不要忘记和他一起度过的愉快生活哦~,真是元气满满的火星人呢,运气总是起起落落落落落落，我懂你！,你是如假包换的老拖拖，请问AI中心研究的反重力科技成果怎么样了？,金星总督向你发来祝贺。,时间管理大师非你莫属！,,
75,267,267,麒麟,Inventrix (breakthrough),3.0,2021年04月07日,478,43,Manutech,6,2.6666666666666665,22,2.7,8.1,Point Luna,120,10,32,2021年04月07日,3,36,127,87,76,2.241509433962264,186,2.590909090909091,0,作为火星的第二批居民，你们牵引了无数小行星让火星不再孤寂寒冷。,初出茅庐，志在千里,虽然玩得不多，但是改造委员会看到了你的诚意！,不要忘记和他一起度过的愉快生活哦~,什么？还有不要睡觉的火星人？你是来自木星的吗？,运气总是起起落落落落落落，我懂你！,你是如假包换的老拖拖，请问AI中心研究的反重力科技成果怎么样了？,金星总督向你发来祝贺。,时间管理大师非你莫属！,,
76,33,33,罗成,StormCraft Incorporated (breakthrough),3.0,2021年02月16日,52,2,StormCraft Incorporated (breakthrough),1,3.0,0,2.0,11.0,Tharsis Republic,120,13,2,2021年02月16日,1,174,3,211,77,0.5666666666666667,10,2.583333333333333,0,作为登陆火星的先行者，你们为火星的建设奠定了坚实的基础！,初出茅庐，志在千里,火星好寂寞，下次记得多陪陪人家~,不要忘记和他一起度过的愉快生活哦~,什么？还有不要睡觉的火星人？你是来自木星的吗？,你是出色的技术流！世界政府需要你这样的人才！,你是如假包换的老拖拖，请问AI中心研究的反重力科技成果怎么样了？,金星总督向你发来祝贺。,哦，原来最多也只是开了一局啊，那没事了。,,
77,235,235,吟游诗人,Recyclon (breakthrough),3.0,2021年03月09日,357,39,Point Luna,3,4.0,13,2.6,7.9,StormCraft Incorporated (breakthrough),119,10,27,2021年03月09日,3,41,148,66,78,2.118367346938776,176,3.0625,0,作为火星的第二批居民，你们牵引了无数小行星让火星不再孤寂寒冷。,初出茅庐，志在千里,虽然玩得不多，但是改造委员会看到了你的诚意！,不要忘记和他一起度过的愉快生活哦~,早起的火星人有牌抽！,运气总是起起落落落落落落，我懂你！,你改造拖拖两开花，进可过牌变魔术，退可标动打工人,金星总督向你发来祝贺。,时间管理大师非你莫属！,,
78,127,127,r6y1717,Poseidon,1.0,2021年05月17日,827,3,Celestic,1,4.0,2,3.0,10.0,Poseidon,119,10,3,2021年05月17日,1,159,15,201,79,0.9076923076923078,73,2.75,0,作为火星的新兴势力，感谢你们为火星增添了几分绿意！,崭露头角，轻取桂冠,火星好寂寞，下次记得多陪陪人家~,不要忘记和他一起度过的愉快生活哦~,什么？还有不要睡觉的火星人？你是来自木星的吗？,运气总是起起落落落落落落，我懂你！,你是如假包换的老拖拖，请问AI中心研究的反重力科技成果怎么样了？,金星总督向你发来祝贺。,哦，原来最多也只是开了一局啊，那没事了。,,
79,263,263,cl,Valley Trust,3.0,2020年08月31日,1060,39,Valley Trust,4,2.5,23,2.3,9.3,Terralabs Research,118,11,34,2020年08月31日,3,40,36,178,80,1.873469387755102,154,2.5,0,作为火星的新兴势力，感谢你们为火星增添了几分绿意！,初出茅庐，志在千里,虽然玩得不多，但是改造委员会看到了你的诚意！,不要忘记和他一起度过的愉快生活哦~,什么？还有不要睡觉的火星人？你是来自木星的吗？,运气总是起起落落落落落落，我懂你！,你是如假包换的老拖拖，请问AI中心研究的反重力科技成果怎么样了？,金星总督向你发来祝贺。,时间管理大师非你莫属！,,
80,254,254,听风聆雨,Valley Trust (breakthrough),3.0,2021年03月17日,449,29,Poseidon,4,3.0,23,3.0,8.0,Pobolog (breakthrough),118,9,25,2021年03月17日,2,51,142,74,81,2.3025641025641024,193,2.7222222222222223,0,作为火星的第二批居民，你们牵引了无数小行星让火星不再孤寂寒冷。,初出茅庐，志在千里,虽然玩得不多，但是改造委员会看到了你的诚意！,不要忘记和他一起度过的愉快生活哦~,什么？还有不要睡觉的火星人？你是来自木星的吗？,运气总是起起落落落落落落，我懂你！,你改造拖拖两开花，进可过牌变魔术，退可标动打工人,金星总督向你发来祝贺。,时间管理大师非你莫属！,,
81,271,271,jooe,Pharmacy Union,2.0,2021年04月19日,647,45,Point Luna,6,3.0,19,2.4,8.1,Polyphemos (breakthrough),118,10,33,2021年04月19日,2,32,122,92,82,2.0509090909090912,171,2.772727272727273,0,作为火星的第二批居民，你们牵引了无数小行星让火星不再孤寂寒冷。,小试牛刀，施精布略,虽然玩得不多，但是改造委员会看到了你的诚意！,不要忘记和他一起度过的愉快生活哦~,真是元气满满的火星人呢,运气总是起起落落落落落落，我懂你！,你是如假包换的老拖拖，请问AI中心研究的反重力科技成果怎么样了？,金星总督向你发来祝贺。,时间管理大师非你莫属！,,
82,211,211,wjy吴才,Teractor (breakthrough),4.0,2021年05月15日,284,11,Pobolog (breakthrough),2,3.0,16,2.5,8.6,Point Luna,117,9,11,2021年05月15日,1,89,74,140,83,1.4666666666666668,128,2.642857142857143,0,作为火星的第二批居民，你们牵引了无数小行星让火星不再孤寂寒冷。,愈战愈勇，砥砺前行,虽然玩得不多，但是改造委员会看到了你的诚意！,不要忘记和他一起度过的愉快生活哦~,真是元气满满的火星人呢,运气总是起起落落落落落落，我懂你！,你是如假包换的老拖拖，请问AI中心研究的反重力科技成果怎么样了？,金星总督向你发来祝贺。,哦，原来最多也只是开了一局啊，那没事了。,,
83,260,260,00,Cheung Shing MARS,4.0,2021年05月10日,836,35,Mining guild (breakthrough),3,2.333333333333333,4,3.2,7.7,Mining guild (breakthrough),116,9,24,2021年05月10日,4,44,169,45,84,2.551111111111111,207,2.4375,0,作为火星的新兴势力，感谢你们为火星增添了几分绿意！,愈战愈勇，砥砺前行,虽然玩得不多，但是改造委员会看到了你的诚意！,不要忘记和他一起度过的愉快生活哦~,什么？还有不要睡觉的火星人？你是来自木星的吗？,别灰心！4个人里面只有1个人垫底！,你改造拖拖两开花，进可过牌变魔术，退可标动打工人,金星总督向你发来祝贺。,火星996说的就是你吧！,,
84,247,247,wee0815,Point Luna,1.0,2021年04月13日,395,26,Philares,3,1.3333333333333333,17,2.0,7.7,Polyphemos,116,10,23,2021年04月13日,2,58,171,43,85,1.4944444444444442,131,2.0625,1,作为火星的第二批居民，你们牵引了无数小行星让火星不再孤寂寒冷。,崭露头角，轻取桂冠,虽然玩得不多，但是改造委员会看到了你的诚意！,不要忘记和他一起度过的愉快生活哦~,真是元气满满的火星人呢,你是出色的技术流！世界政府需要你这样的人才！,你改造拖拖两开花，进可过牌变魔术，退可标动打工人,金星总督向你发来祝贺。,时间管理大师非你莫属！,,
85,204,204,冬夜丶,Celestic (breakthrough),4.0,2021年02月05日,221,10,Arcadian Communities (breakthrough),1,2.0,22,3.4,8.4,Thorgate (breakthrough),116,10,9,2021年02月05日,2,95,89,125,86,1.84,152,2.4166666666666665,1,作为火星的第二批居民，你们牵引了无数小行星让火星不再孤寂寒冷。,愈战愈勇，砥砺前行,火星好寂寞，下次记得多陪陪人家~,不要忘记和他一起度过的愉快生活哦~,什么？还有不要睡觉的火星人？你是来自木星的吗？,别灰心！4个人里面只有1个人垫底！,你是如假包换的老拖拖，请问AI中心研究的反重力科技成果怎么样了？,金星总督向你发来祝贺。,时间管理大师非你莫属！,,
86,68,68,偉大空佬,Point Luna,4.0,2021年07月06日,818,2,Point Luna,1,4.0,0,3.0,9.0,Poseidon and Junk Ventures,115,9,2,2021年07月06日,1,205,45,156,87,0.7333333333333334,40,2.75,0,作为火星的新兴势力，感谢你们为火星增添了几分绿意！,愈战愈勇，砥砺前行,火星好寂寞，下次记得多陪陪人家~,不要忘记和他一起度过的愉快生活哦~,什么？还有不要睡觉的火星人？你是来自木星的吗？,运气总是起起落落落落落落，我懂你！,你是如假包换的老拖拖，请问AI中心研究的反重力科技成果怎么样了？,金星总督向你发来祝贺。,哦，原来最多也只是开了一局啊，那没事了。,,
87,233,233,掌柜的来了,CrediCor,3.0,2021年06月24日,987,17,Labour Union,2,1.0,23,1.6,9.5,Celestic and ,115,12,16,2021年06月24日,2,70,31,183,88,1.1407407407407408,95,2.071428571428572,1,作为火星的新兴势力，感谢你们为火星增添了几分绿意！,初出茅庐，志在千里,虽然玩得不多，但是改造委员会看到了你的诚意！,不要忘记和他一起度过的愉快生活哦~,什么？还有不要睡觉的火星人？你是来自木星的吗？,你是出色的技术流！世界政府需要你这样的人才！,你是如假包换的老拖拖，请问AI中心研究的反重力科技成果怎么样了？,金星总督向你发来祝贺。,时间管理大师非你莫属！,,
88,236,236,17826818782,CrediCor,1.0,2021年06月14日,941,18,Junk Ventures,2,2.0,23,1.9,9.4,Celestic (breakthrough) and ,114,11,17,2021年06月14日,2,69,33,181,89,1.3142857142857145,111,2.357142857142857,1,作为火星的新兴势力，感谢你们为火星增添了几分绿意！,崭露头角，轻取桂冠,虽然玩得不多，但是改造委员会看到了你的诚意！,不要忘记和他一起度过的愉快生活哦~,什么？还有不要睡觉的火星人？你是来自木星的吗？,你是出色的技术流！世界政府需要你这样的人才！,你是如假包换的老拖拖，请问AI中心研究的反重力科技成果怎么样了？,金星总督向你发来祝贺。,时间管理大师非你莫属！,,
89,155,155,jd,Tharsis Republic,2.0,2020年11月29日,85,4,Inventrix (breakthrough),1,3.0,23,2.5,9.8,Thorgate (breakthrough),114,10,4,2020年11月29日,1,139,19,195,90,0.9142857142857144,76,2.583333333333333,0,作为登陆火星的先行者，你们为火星的建设奠定了坚实的基础！,小试牛刀，施精布略,火星好寂寞，下次记得多陪陪人家~,不要忘记和他一起度过的愉快生活哦~,什么？还有不要睡觉的火星人？你是来自木星的吗？,运气总是起起落落落落落落，我懂你！,你是如假包换的老拖拖，请问AI中心研究的反重力科技成果怎么样了？,金星总督向你发来祝贺。,哦，原来最多也只是开了一局啊，那没事了。,,
90,208,208,小音,Poseidon,4.0,2021年05月31日,908,10,Chaos,1,1.0,0,1.6,9.6,Thorgate,114,12,9,2021年05月31日,2,93,23,191,91,0.94,78,2.25,1,作为火星的新兴势力，感谢你们为火星增添了几分绿意！,愈战愈勇，砥砺前行,火星好寂寞，下次记得多陪陪人家~,不要忘记和他一起度过的愉快生活哦~,什么？还有不要睡觉的火星人？你是来自木星的吗？,你是出色的技术流！世界政府需要你这样的人才！,你是如假包换的老拖拖，请问AI中心研究的反重力科技成果怎么样了？,金星总督向你发来祝贺。,时间管理大师非你莫属！,,
91,283,283,乐多,Inventrix (breakthrough),2.0,2020年10月05日,81,78,Celestic (breakthrough),6,2.833333333333333,17,2.4,7.9,Teractor (breakthrough),114,9,51,2020年10月05日,3,23,154,60,92,2.190909090909092,182,2.6818181818181817,0,作为登陆火星的先行者，你们为火星的建设奠定了坚实的基础！,小试牛刀，施精布略,改造委员会宣布你是火星年度劳模！,不要忘记和他一起度过的愉快生活哦~,真是元气满满的火星人呢,运气总是起起落落落落落落，我懂你！,你改造拖拖两开花，进可过牌变魔术，退可标动打工人,金星总督向你发来祝贺。,时间管理大师非你莫属！,,
92,114,114,hehe,Vitor,1.0,2021年05月03日,923,3,Poseidon,1,1.0,13,1.7,9.0,Vitor,114,9,3,2021年05月03日,1,146,48,159,93,0.6,16,2.25,0,作为火星的新兴势力，感谢你们为火星增添了几分绿意！,崭露头角，轻取桂冠,火星好寂寞，下次记得多陪陪人家~,不要忘记和他一起度过的愉快生活哦~,早起的火星人有牌抽！,你是出色的技术流！世界政府需要你这样的人才！,你是如假包换的老拖拖，请问AI中心研究的反重力科技成果怎么样了？,金星总督向你发来祝贺。,哦，原来最多也只是开了一局啊，那没事了。,,
93,220,220,一灯,Recyclon (breakthrough),4.0,2021年03月01日,275,13,Id Front,2,3.0,16,2.8,8.5,UNMI (breakthrough),114,9,13,2021年03月01日,1,80,87,127,94,1.7304347826086954,144,2.642857142857143,0,作为火星的第二批居民，你们牵引了无数小行星让火星不再孤寂寒冷。,愈战愈勇，砥砺前行,虽然玩得不多，但是改造委员会看到了你的诚意！,不要忘记和他一起度过的愉快生活哦~,真是元气满满的火星人呢,运气总是起起落落落落落落，我懂你！,你是如假包换的老拖拖，请问AI中心研究的反重力科技成果怎么样了？,金星总督向你发来祝贺。,哦，原来最多也只是开了一局啊，那没事了。,,
94,264,264,飞鱼,Labour Union,1.0,2021年05月10日,794,40,Mining guild (breakthrough),4,1.75,0,2.6,7.9,Pobolog (breakthrough),113,9,19,2021年05月10日,5,39,156,57,95,2.096,174,2.1666666666666665,0,作为火星的第二批居民，你们牵引了无数小行星让火星不再孤寂寒冷。,崭露头角，轻取桂冠,虽然玩得不多，但是改造委员会看到了你的诚意！,不要忘记和他一起度过的愉快生活哦~,什么？还有不要睡觉的火星人？你是来自木星的吗？,运气总是起起落落落落落落，我懂你！,你改造拖拖两开花，进可过牌变魔术，退可标动打工人,金星总督向你发来祝贺。,火星996说的就是你吧！,,
95,170,170,牧殇,MorningStar Inc (breakthrough),4.0,2021年04月30日,297,5,MorningStar Inc (breakthrough),2,3.0,16,2.4,8.2,MorningStar Inc (breakthrough),112,8,5,2021年04月30日,1,130,117,96,96,0.9866666666666668,85,2.642857142857143,0,作为火星的第二批居民，你们牵引了无数小行星让火星不再孤寂寒冷。,愈战愈勇，砥砺前行,火星好寂寞，下次记得多陪陪人家~,不要忘记和他一起度过的愉快生活哦~,真是元气满满的火星人呢,运气总是起起落落落落落落，我懂你！,你是如假包换的老拖拖，请问AI中心研究的反重力科技成果怎么样了？,金星总督向你发来祝贺。,哦，原来最多也只是开了一局啊，那没事了。,,
96,277,277,橙子,Inventrix (breakthrough),3.0,2020年08月31日,19,54,Teractor (breakthrough),8,2.75,23,3.2,8.6,Philares,112,10,8,2020年08月31日,1,28,73,141,97,2.715625,210,2.6538461538461537,0,作为登陆火星的先行者，你们为火星的建设奠定了坚实的基础！,初出茅庐，志在千里,虽然玩得不多，但是改造委员会看到了你的诚意！,不要忘记和他一起度过的愉快生活哦~,什么？还有不要睡觉的火星人？你是来自木星的吗？,别灰心！4个人里面只有1个人垫底！,你是如假包换的老拖拖，请问AI中心研究的反重力科技成果怎么样了？,金星总督向你发来祝贺。,哦，原来最多也只是开了一局啊，那没事了。,,
97,142,142,1012k,Point Luna,2.0,2021年08月04日,283,3,Aphrodite (breakthrough),1,2.0,0,2.3,8.0,Id Front and UNMI (breakthrough),112,9,3,2021年08月04日,1,166,140,72,98,0.7538461538461537,52,2.4166666666666665,1,作为火星的第二批居民，你们牵引了无数小行星让火星不再孤寂寒冷。,小试牛刀，施精布略,火星好寂寞，下次记得多陪陪人家~,不要忘记和他一起度过的愉快生活哦~,什么？还有不要睡觉的火星人？你是来自木星的吗？,运气总是起起落落落落落落，我懂你！,你改造拖拖两开花，进可过牌变魔术，退可标动打工人,金星总督向你发来祝贺。,哦，原来最多也只是开了一局啊，那没事了。,,
98,212,212,joe,Pharmacy Union,1.0,2021年06月21日,1030,11,Saturn Systems,2,3.0,12,1.9,8.0,Pharmacy Union and ,112,9,9,2021年06月21日,2,88,135,67,99,1.1333333333333333,93,2.642857142857143,0,作为火星的新兴势力，感谢你们为火星增添了几分绿意！,崭露头角，轻取桂冠,虽然玩得不多，但是改造委员会看到了你的诚意！,不要忘记和他一起度过的愉快生活哦~,早起的火星人有牌抽！,你是出色的技术流！世界政府需要你这样的人才！,你改造拖拖两开花，进可过牌变魔术，退可标动打工人,金星总督向你发来祝贺。,时间管理大师非你莫属！,,
99,257,257,童话,Point Luna,3.0,2021年03月23日,76,33,Aridor,3,2.6666666666666665,13,3.4,8.2,Vitor,111,10,27,2021年03月23日,2,46,119,95,100,2.646511627906977,208,2.5625,0,作为登陆火星的先行者，你们为火星的建设奠定了坚实的基础！,初出茅庐，志在千里,虽然玩得不多，但是改造委员会看到了你的诚意！,不要忘记和他一起度过的愉快生活哦~,早起的火星人有牌抽！,别灰心！4个人里面只有1个人垫底！,你是如假包换的老拖拖，请问AI中心研究的反重力科技成果怎么样了？,金星总督向你发来祝贺。,时间管理大师非你莫属！,,
100,193,193,mosquito,Cheung Shing MARS,3.0,2020年11月21日,77,114,UNMI (breakthrough),7,1.5714285714285714,13,2.4,7.9,Splice (breakthrough),111,11,87,2020年11月21日,3,14,155,59,101,2.2564516129032257,189,1.9583333333333333,1,作为登陆火星的先行者，你们为火星的建设奠定了坚实的基础！,初出茅庐，志在千里,改造委员会宣布你是火星年度劳模！,不要忘记和他一起度过的愉快生活哦~,早起的火星人有牌抽！,运气总是起起落落落落落落，我懂你！,你改造拖拖两开花，进可过牌变魔术，退可标动打工人,再接再厉！没事多去研究前哨所转转！,时间管理大师非你莫属！,,
101,255,255,啦啦啦,Inventrix (breakthrough),4.0,2021年05月28日,876,30,Thorgate (breakthrough),5,3.8,22,3.0,7.9,Vitor,110,9,26,2021年05月28日,2,50,152,62,102,2.32,196,3.15,0,作为火星的新兴势力，感谢你们为火星增添了几分绿意！,愈战愈勇，砥砺前行,虽然玩得不多，但是改造委员会看到了你的诚意！,不要忘记和他一起度过的愉快生活哦~,什么？还有不要睡觉的火星人？你是来自木星的吗？,运气总是起起落落落落落落，我懂你！,你改造拖拖两开花，进可过牌变魔术，退可标动打工人,再接再厉！没事多去研究前哨所转转！,时间管理大师非你莫属！,,
102,252,252,nafarian,Agricola Inc,2.0,2021年06月20日,1061,28,Trade Navigator,2,3.0,22,3.0,6.9,Id Front and Tharsis_republic (breakthrough),109,8,24,2021年06月20日,2,53,204,10,103,2.284210526315789,191,2.642857142857143,0,作为火星的新兴势力，感谢你们为火星增添了几分绿意！,小试牛刀，施精布略,虽然玩得不多，但是改造委员会看到了你的诚意！,不要忘记和他一起度过的愉快生活哦~,什么？还有不要睡觉的火星人？你是来自木星的吗？,运气总是起起落落落落落落，我懂你！,你是纯纯粹粹的改造党，火卫二不在的第N天，想她,再接再厉！没事多去研究前哨所转转！,时间管理大师非你莫属！,,
103,100,100,kk,Teractor,2.0,2021年04月10日,934,2,Poseidon,1,2.0,13,2.0,9.5,Poseidon,109,9,2,2021年04月10日,1,198,29,188,104,0.5666666666666667,14,2.4166666666666665,0,作为火星的新兴势力，感谢你们为火星增添了几分绿意！,小试牛刀，施精布略,火星好寂寞，下次记得多陪陪人家~,不要忘记和他一起度过的愉快生活哦~,早起的火星人有牌抽！,你是出色的技术流！世界政府需要你这样的人才！,你是如假包换的老拖拖，请问AI中心研究的反重力科技成果怎么样了？,再接再厉！没事多去研究前哨所转转！,哦，原来最多也只是开了一局啊，那没事了。,,
104,240,240,深海的达不溜,Saturn Systems,1.0,2021年05月29日,859,20,Inventrix (breakthrough),3,4.0,0,3.0,8.4,Teractor (breakthrough),109,9,13,2021年05月29日,3,64,91,123,105,2.06,172,3.0625,0,作为火星的新兴势力，感谢你们为火星增添了几分绿意！,崭露头角，轻取桂冠,虽然玩得不多，但是改造委员会看到了你的诚意！,不要忘记和他一起度过的愉快生活哦~,什么？还有不要睡觉的火星人？你是来自木星的吗？,运气总是起起落落落落落落，我懂你！,你是如假包换的老拖拖，请问AI中心研究的反重力科技成果怎么样了？,再接再厉！没事多去研究前哨所转转！,时间管理大师非你莫属！,,
105,192,192,老邱,WG Parternship,3.0,2021年03月26日,538,8,Ecoline (breakthrough),2,2.5,13,2.9,8.0,Ecoline (breakthrough),108,9,7,2021年03月26日,2,106,147,77,106,1.4333333333333331,126,2.5,0,作为火星的第二批居民，你们牵引了无数小行星让火星不再孤寂寒冷。,初出茅庐，志在千里,火星好寂寞，下次记得多陪陪人家~,不要忘记和他一起度过的愉快生活哦~,早起的火星人有牌抽！,运气总是起起落落落落落落，我懂你！,你改造拖拖两开花，进可过牌变魔术，退可标动打工人,再接再厉！没事多去研究前哨所转转！,时间管理大师非你莫属！,,
106,237,237,jequirity,EcoLine,2.0,2020年12月19日,287,18,Tharsis Republic,3,1.6666666666666667,21,2.5,8.3,Poseidon,108,9,15,2020年12月19日,3,68,102,112,107,1.707142857142857,142,2.1875,1,作为火星的第二批居民，你们牵引了无数小行星让火星不再孤寂寒冷。,小试牛刀，施精布略,虽然玩得不多，但是改造委员会看到了你的诚意！,不要忘记和他一起度过的愉快生活哦~,真是元气满满的火星人呢,运气总是起起落落落落落落，我懂你！,你是如假包换的老拖拖，请问AI中心研究的反重力科技成果怎么样了？,再接再厉！没事多去研究前哨所转转！,时间管理大师非你莫属！,,
107,191,191,wenxionglam,MorningStar Inc (breakthrough),4.0,2021年05月03日,510,8,Poseidon,2,3.5,18,2.8,8.2,Poseidon,108,10,8,2021年05月03日,1,107,110,104,108,1.3777777777777778,118,2.7857142857142856,0,作为火星的第二批居民，你们牵引了无数小行星让火星不再孤寂寒冷。,愈战愈勇，砥砺前行,火星好寂寞，下次记得多陪陪人家~,不要忘记和他一起度过的愉快生活哦~,真是元气满满的火星人呢,运气总是起起落落落落落落，我懂你！,你是如假包换的老拖拖，请问AI中心研究的反重力科技成果怎么样了？,再接再厉！没事多去研究前哨所转转！,哦，原来最多也只是开了一局啊，那没事了。,,
108,109,109,维尼熊,Factorum (breakthrough),4.0,2021年07月22日,1211,3,Curiosity II,1,2.0,0,3.3,8.3,Lakefront Resorts and Polyphemos (breakthrough),107,9,3,2021年07月22日,1,153,98,116,109,0.9846153846153848,82,2.4166666666666665,1,作为火星的新兴势力，感谢你们为火星增添了几分绿意！,愈战愈勇，砥砺前行,火星好寂寞，下次记得多陪陪人家~,不要忘记和他一起度过的愉快生活哦~,什么？还有不要睡觉的火星人？你是来自木星的吗？,别灰心！4个人里面只有1个人垫底！,你是如假包换的老拖拖，请问AI中心研究的反重力科技成果怎么样了？,再接再厉！没事多去研究前哨所转转！,哦，原来最多也只是开了一局啊，那没事了。,,
109,172,172,颜志炫,Recyclon,4.0,2021年04月30日,650,6,Teractor (breakthrough),2,1.5,0,2.7,9.0,Teractor (breakthrough),107,9,6,2021年04月30日,1,122,41,152,110,1.175,98,2.2142857142857144,1,作为火星的第二批居民，你们牵引了无数小行星让火星不再孤寂寒冷。,愈战愈勇，砥砺前行,火星好寂寞，下次记得多陪陪人家~,不要忘记和他一起度过的愉快生活哦~,什么？还有不要睡觉的火星人？你是来自木星的吗？,运气总是起起落落落落落落，我懂你！,你是如假包换的老拖拖，请问AI中心研究的反重力科技成果怎么样了？,再接再厉！没事多去研究前哨所转转！,哦，原来最多也只是开了一局啊，那没事了。,,
110,146,146,小企鹅,MorningStar Inc (breakthrough),1.0,2021年07月05日,66,3,CrediCor,2,2.0,0,1.7,7.7,CrediCor and Chaos,106,9,3,2021年07月05日,1,163,174,41,111,0.6,22,2.357142857142857,1,作为登陆火星的先行者，你们为火星的建设奠定了坚实的基础！,崭露头角，轻取桂冠,火星好寂寞，下次记得多陪陪人家~,不要忘记和他一起度过的愉快生活哦~,什么？还有不要睡觉的火星人？你是来自木星的吗？,你是出色的技术流！世界政府需要你这样的人才！,你改造拖拖两开花，进可过牌变魔术，退可标动打工人,再接再厉！没事多去研究前哨所转转！,哦，原来最多也只是开了一局啊，那没事了。,,
111,195,195,toutou,Thorgate (breakthrough),3.0,2021年04月26日,675,8,Inventrix (breakthrough),1,1.0,1,2.2,7.8,Inventrix (breakthrough),106,9,5,2021年04月26日,3,103,166,48,112,1.1555555555555557,97,2.25,1,作为火星的第二批居民，你们牵引了无数小行星让火星不再孤寂寒冷。,初出茅庐，志在千里,火星好寂寞，下次记得多陪陪人家~,不要忘记和他一起度过的愉快生活哦~,什么？还有不要睡觉的火星人？你是来自木星的吗？,运气总是起起落落落落落落，我懂你！,你改造拖拖两开花，进可过牌变魔术，退可标动打工人,再接再厉！没事多去研究前哨所转转！,时间管理大师非你莫属！,,
112,203,203,唯慕,Teractor,3.0,2021年04月15日,1056,14,Poseidon,2,2.5,21,2.6,8.2,CrediCor,105,10,12,2021年04月15日,2,77,116,98,113,1.6583333333333332,135,2.5,0,作为火星的新兴势力，感谢你们为火星增添了几分绿意！,初出茅庐，志在千里,虽然玩得不多，但是改造委员会看到了你的诚意！,不要忘记和他一起度过的愉快生活哦~,真是元气满满的火星人呢,运气总是起起落落落落落落，我懂你！,你是如假包换的老拖拖，请问AI中心研究的反重力科技成果怎么样了？,再接再厉！没事多去研究前哨所转转！,时间管理大师非你莫属！,,
113,141,141,michaelis200,MorningStar Inc (breakthrough),2.0,2021年06月11日,899,3,MorningStar Inc (breakthrough),1,2.0,0,2.3,8.3,MorningStar Inc (breakthrough) and ,105,9,3,2021年06月11日,1,167,97,117,114,0.7538461538461537,51,2.4166666666666665,1,作为火星的新兴势力，感谢你们为火星增添了几分绿意！,小试牛刀，施精布略,火星好寂寞，下次记得多陪陪人家~,不要忘记和他一起度过的愉快生活哦~,什么？还有不要睡觉的火星人？你是来自木星的吗？,运气总是起起落落落落落落，我懂你！,你是如假包换的老拖拖，请问AI中心研究的反重力科技成果怎么样了？,再接再厉！没事多去研究前哨所转转！,哦，原来最多也只是开了一局啊，那没事了。,,
114,239,239,2397541142,Teractor,3.0,2021年06月14日,942,19,Mining Guild,2,2.5,23,3.1,9.4,Mining Guild and ,104,12,18,2021年06月14日,2,67,34,180,115,2.1310344827586207,178,2.5,0,作为火星的新兴势力，感谢你们为火星增添了几分绿意！,初出茅庐，志在千里,虽然玩得不多，但是改造委员会看到了你的诚意！,不要忘记和他一起度过的愉快生活哦~,什么？还有不要睡觉的火星人？你是来自木星的吗？,别灰心！4个人里面只有1个人垫底！,你是如假包换的老拖拖，请问AI中心研究的反重力科技成果怎么样了？,再接再厉！没事多去研究前哨所转转！,时间管理大师非你莫属！,,
115,88,88,友人,Vitor,4.0,2020年12月05日,11,2,Manutech,1,2.0,23,3.0,9.0,Manutech,104,10,1,2020年12月05日,2,199,51,173,116,0.7333333333333334,43,2.4166666666666665,0,作为登陆火星的先行者，你们为火星的建设奠定了坚实的基础！,愈战愈勇，砥砺前行,火星好寂寞，下次记得多陪陪人家~,不要忘记和他一起度过的愉快生活哦~,什么？还有不要睡觉的火星人？你是来自木星的吗？,运气总是起起落落落落落落，我懂你！,你是如假包换的老拖拖，请问AI中心研究的反重力科技成果怎么样了？,再接再厉！没事多去研究前哨所转转！,时间管理大师非你莫属！,,
116,13,13,ss,Mining guild (breakthrough),1.0,2020年12月17日,94,2,Celestic (breakthrough),1,1.0,13,1.0,9.0,Mining guild (breakthrough),103,9,2,2020年12月17日,1,186,52,163,117,0.3999999999999999,3,2.25,1,作为登陆火星的先行者，你们为火星的建设奠定了坚实的基础！,崭露头角，轻取桂冠,火星好寂寞，下次记得多陪陪人家~,不要忘记和他一起度过的愉快生活哦~,早起的火星人有牌抽！,你是出色的技术流！世界政府需要你这样的人才！,你是如假包换的老拖拖，请问AI中心研究的反重力科技成果怎么样了？,再接再厉！没事多去研究前哨所转转！,哦，原来最多也只是开了一局啊，那没事了。,,
117,221,221,雪櫻,Poseidon,3.0,2021年05月23日,841,13,Brotherhood of Mutants,2,2.5,23,2.8,6.7,Brotherhood of Mutants,102,7,10,2021年05月23日,3,79,207,7,118,1.6869565217391302,140,2.5,1,作为火星的新兴势力，感谢你们为火星增添了几分绿意！,初出茅庐，志在千里,虽然玩得不多，但是改造委员会看到了你的诚意！,不要忘记和他一起度过的愉快生活哦~,什么？还有不要睡觉的火星人？你是来自木星的吗？,运气总是起起落落落落落落，我懂你！,你是纯纯粹粹的改造党，火卫二不在的第N天，想她,再接再厉！没事多去研究前哨所转转！,时间管理大师非你莫属！,,
118,217,217,489326240,Helion,4.0,2021年07月03日,985,12,Pobolog (breakthrough),2,2.5,16,3.1,9.4,Inventrix (breakthrough) and ,102,10,12,2021年07月03日,1,87,32,182,119,1.8090909090909089,148,2.5,0,作为火星的新兴势力，感谢你们为火星增添了几分绿意！,愈战愈勇，砥砺前行,虽然玩得不多，但是改造委员会看到了你的诚意！,不要忘记和他一起度过的愉快生活哦~,真是元气满满的火星人呢,别灰心！4个人里面只有1个人垫底！,你是如假包换的老拖拖，请问AI中心研究的反重力科技成果怎么样了？,再接再厉！没事多去研究前哨所转转！,哦，原来最多也只是开了一局啊，那没事了。,,
119,106,106,deng,Teractor,3.0,2020年12月05日,398,2,Arcadian Communities,1,2.0,23,2.5,10.5,Teractor,102,12,1,2020年12月05日,2,195,6,208,120,0.65,31,2.4166666666666665,1,作为火星的第二批居民，你们牵引了无数小行星让火星不再孤寂寒冷。,初出茅庐，志在千里,火星好寂寞，下次记得多陪陪人家~,不要忘记和他一起度过的愉快生活哦~,什么？还有不要睡觉的火星人？你是来自木星的吗？,运气总是起起落落落落落落，我懂你！,你是如假包换的老拖拖，请问AI中心研究的反重力科技成果怎么样了？,再接再厉！没事多去研究前哨所转转！,时间管理大师非你莫属！,,
120,215,215,daxinge,Astrodrill,2.0,2021年04月20日,646,12,Astrodrill,2,2.5,16,2.5,8.2,Teractor (breakthrough),102,9,11,2021年04月20日,2,81,111,103,121,1.4909090909090907,130,2.5,1,作为火星的第二批居民，你们牵引了无数小行星让火星不再孤寂寒冷。,小试牛刀，施精布略,虽然玩得不多，但是改造委员会看到了你的诚意！,不要忘记和他一起度过的愉快生活哦~,真是元气满满的火星人呢,运气总是起起落落落落落落，我懂你！,你是如假包换的老拖拖，请问AI中心研究的反重力科技成果怎么样了？,再接再厉！没事多去研究前哨所转转！,时间管理大师非你莫属！,,
121,10,10,ernest,PhoboLog,1.0,2021年02月08日,226,2,PhoboLog,1,1.0,0,2.5,9.0,PhoboLog,101,10,2,2021年02月08日,1,188,47,158,122,0.65,32,2.25,1,作为火星的第二批居民，你们牵引了无数小行星让火星不再孤寂寒冷。,崭露头角，轻取桂冠,火星好寂寞，下次记得多陪陪人家~,不要忘记和他一起度过的愉快生活哦~,什么？还有不要睡觉的火星人？你是来自木星的吗？,运气总是起起落落落落落落，我懂你！,你是如假包换的老拖拖，请问AI中心研究的反重力科技成果怎么样了？,再接再厉！没事多去研究前哨所转转！,哦，原来最多也只是开了一局啊，那没事了。,,
122,175,175,思锐,Pharmacy Union,4.0,2020年11月10日,708,6,Aphrodite (breakthrough),1,2.0,0,2.8,7.2,Point Luna,100,9,6,2020年11月10日,1,123,199,15,123,1.2375,106,2.4166666666666665,1,作为火星的第二批居民，你们牵引了无数小行星让火星不再孤寂寒冷。,愈战愈勇，砥砺前行,火星好寂寞，下次记得多陪陪人家~,不要忘记和他一起度过的愉快生活哦~,什么？还有不要睡觉的火星人？你是来自木星的吗？,运气总是起起落落落落落落，我懂你！,你是纯纯粹粹的改造党，火卫二不在的第N天，想她,再接再厉！没事多去研究前哨所转转！,哦，原来最多也只是开了一局啊，那没事了。,,
123,198,198,阿狗锄大地,Robinson Industries (breakthrough),1.0,2021年05月15日,101,9,Point Luna,2,3.0,12,2.6,7.9,Brotherhood of Mutants,100,6,8,2021年05月15日,2,98,153,61,124,1.3578947368421057,116,2.642857142857143,0,作为火星的第二批居民，你们牵引了无数小行星让火星不再孤寂寒冷。,崭露头角，轻取桂冠,火星好寂寞，下次记得多陪陪人家~,不要忘记和他一起度过的愉快生活哦~,早起的火星人有牌抽！,运气总是起起落落落落落落，我懂你！,你改造拖拖两开花，进可过牌变魔术，退可标动打工人,再接再厉！没事多去研究前哨所转转！,时间管理大师非你莫属！,,
124,111,111,封云台,Thorgate,4.0,2021年04月30日,718,3,PhoboLog,1,1.0,0,2.0,10.7,Septem Tribus,100,11,3,2021年04月30日,1,151,4,210,125,0.676923076923077,36,2.25,1,作为火星的第二批居民，你们牵引了无数小行星让火星不再孤寂寒冷。,愈战愈勇，砥砺前行,火星好寂寞，下次记得多陪陪人家~,不要忘记和他一起度过的愉快生活哦~,什么？还有不要睡觉的火星人？你是来自木星的吗？,你是出色的技术流！世界政府需要你这样的人才！,你是如假包换的老拖拖，请问AI中心研究的反重力科技成果怎么样了？,再接再厉！没事多去研究前哨所转转！,哦，原来最多也只是开了一局啊，那没事了。,,
125,183,183,冲锋,Poseidon,1.0,2020年12月05日,14,7,Poseidon,3,1.3333333333333333,23,1.6,9.1,Pristar,100,10,1,2020年12月05日,7,117,40,174,126,0.8117647058823529,58,2.0625,1,作为登陆火星的先行者，你们为火星的建设奠定了坚实的基础！,崭露头角，轻取桂冠,火星好寂寞，下次记得多陪陪人家~,不要忘记和他一起度过的愉快生活哦~,什么？还有不要睡觉的火星人？你是来自木星的吗？,你是出色的技术流！世界政府需要你这样的人才！,你是如假包换的老拖拖，请问AI中心研究的反重力科技成果怎么样了？,再接再厉！没事多去研究前哨所转转！,火星996说的就是你吧！,,
126,200,200,魏良,Factorum,1.0,2021年06月25日,933,9,Point Luna,2,2.5,23,2.4,7.8,Viron and Cheung Shing MARS,100,9,9,2021年06月25日,1,100,165,49,127,1.305263157894737,109,2.5,0,作为火星的新兴势力，感谢你们为火星增添了几分绿意！,崭露头角，轻取桂冠,火星好寂寞，下次记得多陪陪人家~,不要忘记和他一起度过的愉快生活哦~,什么？还有不要睡觉的火星人？你是来自木星的吗？,运气总是起起落落落落落落，我懂你！,你改造拖拖两开花，进可过牌变魔术，退可标动打工人,再接再厉！没事多去研究前哨所转转！,哦，原来最多也只是开了一局啊，那没事了。,,
127,187,187,jrj,Thorgate,2.0,2021年02月10日,303,7,Arklight,1,4.0,17,2.6,8.1,Point Luna,100,10,7,2021年02月10日,1,121,121,93,128,1.2235294117647062,104,2.75,0,作为火星的第二批居民，你们牵引了无数小行星让火星不再孤寂寒冷。,小试牛刀，施精布略,火星好寂寞，下次记得多陪陪人家~,不要忘记和他一起度过的愉快生活哦~,真是元气满满的火星人呢,运气总是起起落落落落落落，我懂你！,你是如假包换的老拖拖，请问AI中心研究的反重力科技成果怎么样了？,再接再厉！没事多去研究前哨所转转！,哦，原来最多也只是开了一局啊，那没事了。,,
128,216,216,jack,Factorum,2.0,2021年02月28日,996,12,Celestic (breakthrough),1,4.0,14,2.2,8.9,Robinson Industries,99,10,12,2021年02月28日,1,84,64,150,129,1.309090909090909,110,2.75,0,作为火星的新兴势力，感谢你们为火星增添了几分绿意！,小试牛刀，施精布略,虽然玩得不多，但是改造委员会看到了你的诚意！,不要忘记和他一起度过的愉快生活哦~,早起的火星人有牌抽！,运气总是起起落落落落落落，我懂你！,你是如假包换的老拖拖，请问AI中心研究的反重力科技成果怎么样了？,再接再厉！没事多去研究前哨所转转！,哦，原来最多也只是开了一局啊，那没事了。,,
129,83,83,安逸,Saturn Systems,1.0,2021年03月31日,1233,2,Inventrix,1,1.0,1,1.0,9.0,Inventrix,99,9,2,2021年03月31日,1,202,61,171,130,0.3999999999999999,4,2.25,1,作为火星的新兴势力，感谢你们为火星增添了几分绿意！,崭露头角，轻取桂冠,火星好寂寞，下次记得多陪陪人家~,不要忘记和他一起度过的愉快生活哦~,什么？还有不要睡觉的火星人？你是来自木星的吗？,你是出色的技术流！世界政府需要你这样的人才！,你是如假包换的老拖拖，请问AI中心研究的反重力科技成果怎么样了？,再接再厉！没事多去研究前哨所转转！,哦，原来最多也只是开了一局啊，那没事了。,,
130,186,186,冰红茶真好喝,Mining Guild,4.0,2021年01月04日,90,7,Celestic,1,2.0,0,2.9,9.9,Celestic,98,13,7,2021年01月04日,1,120,17,197,131,1.3411764705882354,113,2.4166666666666665,0,作为登陆火星的先行者，你们为火星的建设奠定了坚实的基础！,愈战愈勇，砥砺前行,火星好寂寞，下次记得多陪陪人家~,不要忘记和他一起度过的愉快生活哦~,什么？还有不要睡觉的火星人？你是来自木星的吗？,运气总是起起落落落落落落，我懂你！,你是如假包换的老拖拖，请问AI中心研究的反重力科技成果怎么样了？,再接再厉！没事多去研究前哨所转转！,哦，原来最多也只是开了一局啊，那没事了。,,
131,107,107,ldxbr,Celestic (breakthrough),1.0,2021年05月10日,452,3,Celestic (breakthrough),1,1.0,0,1.7,8.0,Polyphemos (breakthrough),98,8,3,2021年05月10日,1,156,138,70,132,0.6,21,2.25,1,作为火星的第二批居民，你们牵引了无数小行星让火星不再孤寂寒冷。,崭露头角，轻取桂冠,火星好寂寞，下次记得多陪陪人家~,不要忘记和他一起度过的愉快生活哦~,什么？还有不要睡觉的火星人？你是来自木星的吗？,你是出色的技术流！世界政府需要你这样的人才！,你改造拖拖两开花，进可过牌变魔术，退可标动打工人,再接再厉！没事多去研究前哨所转转！,哦，原来最多也只是开了一局啊，那没事了。,,
132,165,165,wu,United Nations Mars Initiative,3.0,2021年02月25日,975,5,United Nations Mars Initiative,2,2.5,22,1.6,10.0,Valley Trust,96,10,5,2021年02月25日,1,126,14,198,133,0.7200000000000001,37,2.5,1,作为火星的新兴势力，感谢你们为火星增添了几分绿意！,初出茅庐，志在千里,火星好寂寞，下次记得多陪陪人家~,不要忘记和他一起度过的愉快生活哦~,什么？还有不要睡觉的火星人？你是来自木星的吗？,你是出色的技术流！世界政府需要你这样的人才！,你是如假包换的老拖拖，请问AI中心研究的反重力科技成果怎么样了？,再接再厉！没事多去研究前哨所转转！,哦，原来最多也只是开了一局啊，那没事了。,,
133,105,105,zxapdh,Saturn Systems,4.0,2020年12月05日,8,2,Philares,1,1.0,0,2.5,9.0,Philares,95,9,2,2020年12月05日,1,196,62,172,134,0.65,33,2.25,0,作为登陆火星的先行者，你们为火星的建设奠定了坚实的基础！,愈战愈勇，砥砺前行,火星好寂寞，下次记得多陪陪人家~,不要忘记和他一起度过的愉快生活哦~,什么？还有不要睡觉的火星人？你是来自木星的吗？,运气总是起起落落落落落落，我懂你！,你是如假包换的老拖拖，请问AI中心研究的反重力科技成果怎么样了？,再接再厉！没事多去研究前哨所转转！,哦，原来最多也只是开了一局啊，那没事了。,,
134,47,47,boxness,Tharsis Republic,3.0,2021年06月20日,404,2,Teractor,1,2.0,22,2.5,9.0,Teractor and ,94,10,2,2021年06月20日,1,209,49,160,135,0.65,30,2.4166666666666665,1,作为火星的第二批居民，你们牵引了无数小行星让火星不再孤寂寒冷。,初出茅庐，志在千里,火星好寂寞，下次记得多陪陪人家~,不要忘记和他一起度过的愉快生活哦~,什么？还有不要睡觉的火星人？你是来自木星的吗？,运气总是起起落落落落落落，我懂你！,你是如假包换的老拖拖，请问AI中心研究的反重力科技成果怎么样了？,再接再厉！没事多去研究前哨所转转！,哦，原来最多也只是开了一局啊，那没事了。,,
135,24,24,零点,EcoLine,2.0,2021年07月15日,1122,2,EcoLine,1,2.0,0,2.0,9.5,Vitor and ,94,9,2,2021年07月15日,1,183,25,186,136,0.5666666666666667,13,2.4166666666666665,0,作为火星的新兴势力，感谢你们为火星增添了几分绿意！,小试牛刀，施精布略,火星好寂寞，下次记得多陪陪人家~,不要忘记和他一起度过的愉快生活哦~,什么？还有不要睡觉的火星人？你是来自木星的吗？,你是出色的技术流！世界政府需要你这样的人才！,你是如假包换的老拖拖，请问AI中心研究的反重力科技成果怎么样了？,再接再厉！没事多去研究前哨所转转！,哦，原来最多也只是开了一局啊，那没事了。,,
136,117,117,徽少,Mining Guild,1.0,2020年10月20日,48,3,Mining Guild,1,1.0,22,2.3,8.7,Mining Guild,94,10,3,2020年10月20日,1,148,71,143,137,0.7538461538461537,53,2.25,1,作为登陆火星的先行者，你们为火星的建设奠定了坚实的基础！,崭露头角，轻取桂冠,火星好寂寞，下次记得多陪陪人家~,不要忘记和他一起度过的愉快生活哦~,什么？还有不要睡觉的火星人？你是来自木星的吗？,运气总是起起落落落落落落，我懂你！,你是如假包换的老拖拖，请问AI中心研究的反重力科技成果怎么样了？,再接再厉！没事多去研究前哨所转转！,哦，原来最多也只是开了一局啊，那没事了。,,
137,139,139,紫苑寺无良,Cheung Shing MARS,1.0,2021年05月10日,756,3,Cheung Shing MARS,1,1.0,1,1.7,8.3,Cheung Shing MARS,94,9,3,2021年05月10日,1,169,96,118,138,0.6,17,2.25,1,作为火星的第二批居民，你们牵引了无数小行星让火星不再孤寂寒冷。,崭露头角，轻取桂冠,火星好寂寞，下次记得多陪陪人家~,不要忘记和他一起度过的愉快生活哦~,什么？还有不要睡觉的火星人？你是来自木星的吗？,你是出色的技术流！世界政府需要你这样的人才！,你是如假包换的老拖拖，请问AI中心研究的反重力科技成果怎么样了？,再接再厉！没事多去研究前哨所转转！,哦，原来最多也只是开了一局啊，那没事了。,,
138,120,120,howard514,Thorgate,1.0,2021年06月15日,228,3,Saturn Systems,2,2.5,21,2.0,8.3,Saturn Systems and ,93,9,3,2021年06月15日,1,157,101,113,139,0.676923076923077,35,2.5,0,作为火星的第二批居民，你们牵引了无数小行星让火星不再孤寂寒冷。,崭露头角，轻取桂冠,火星好寂寞，下次记得多陪陪人家~,不要忘记和他一起度过的愉快生活哦~,真是元气满满的火星人呢,你是出色的技术流！世界政府需要你这样的人才！,你是如假包换的老拖拖，请问AI中心研究的反重力科技成果怎么样了？,再接再厉！没事多去研究前哨所转转！,哦，原来最多也只是开了一局啊，那没事了。,,
139,138,138,flyingfish,Pobolog (breakthrough),2.0,2021年04月21日,654,3,Mining guild (breakthrough),1,2.0,1,1.7,9.0,Saturn Systems,92,10,3,2021年04月21日,1,161,50,161,140,0.6,15,2.4166666666666665,0,作为火星的第二批居民，你们牵引了无数小行星让火星不再孤寂寒冷。,小试牛刀，施精布略,火星好寂寞，下次记得多陪陪人家~,不要忘记和他一起度过的愉快生活哦~,什么？还有不要睡觉的火星人？你是来自木星的吗？,你是出色的技术流！世界政府需要你这样的人才！,你是如假包换的老拖拖，请问AI中心研究的反重力科技成果怎么样了？,再接再厉！没事多去研究前哨所转转！,哦，原来最多也只是开了一局啊，那没事了。,,
140,57,57,invokercat,Factorum,1.0,2021年07月26日,668,2,Factorum,1,1.0,16,1.0,8.0,Factorum and ,92,9,2,2021年07月26日,1,207,146,76,141,0.3999999999999999,1,2.25,1,作为火星的第二批居民，你们牵引了无数小行星让火星不再孤寂寒冷。,崭露头角，轻取桂冠,火星好寂寞，下次记得多陪陪人家~,不要忘记和他一起度过的愉快生活哦~,真是元气满满的火星人呢,你是出色的技术流！世界政府需要你这样的人才！,你改造拖拖两开花，进可过牌变魔术，退可标动打工人,再接再厉！没事多去研究前哨所转转！,哦，原来最多也只是开了一局啊，那没事了。,,
141,162,162,van,Interplanetary Cinematics,4.0,2020年10月30日,80,4,Factorum,1,4.0,23,3.5,9.2,Point Luna,92,10,4,2020年10月30日,1,134,38,176,142,1.2,101,2.75,0,作为登陆火星的先行者，你们为火星的建设奠定了坚实的基础！,愈战愈勇，砥砺前行,火星好寂寞，下次记得多陪陪人家~,不要忘记和他一起度过的愉快生活哦~,什么？还有不要睡觉的火星人？你是来自木星的吗？,别灰心！4个人里面只有1个人垫底！,你是如假包换的老拖拖，请问AI中心研究的反重力科技成果怎么样了？,再接再厉！没事多去研究前哨所转转！,哦，原来最多也只是开了一局啊，那没事了。,,
142,179,179,荆棘守护,Philares,3.0,2021年08月10日,1311,7,Philares,2,3.5,14,3.0,6.9,Brotherhood of Mutants and UNMI (breakthrough),92,9,6,2021年08月10日,2,110,205,9,143,1.4,120,2.7857142857142856,0,作为火星的新兴势力，感谢你们为火星增添了几分绿意！,初出茅庐，志在千里,火星好寂寞，下次记得多陪陪人家~,不要忘记和他一起度过的愉快生活哦~,早起的火星人有牌抽！,运气总是起起落落落落落落，我懂你！,你是纯纯粹粹的改造党，火卫二不在的第N天，想她,再接再厉！没事多去研究前哨所转转！,时间管理大师非你莫属！,,
143,189,189,鸽子,Celestic,4.0,2021年02月19日,282,8,Celestic,1,4.0,16,2.9,7.2,UNMI (breakthrough),91,8,7,2021年02月19日,2,108,197,17,144,1.4333333333333331,124,2.75,0,作为火星的第二批居民，你们牵引了无数小行星让火星不再孤寂寒冷。,愈战愈勇，砥砺前行,火星好寂寞，下次记得多陪陪人家~,不要忘记和他一起度过的愉快生活哦~,真是元气满满的火星人呢,运气总是起起落落落落落落，我懂你！,你是纯纯粹粹的改造党，火卫二不在的第N天，想她,再接再厉！没事多去研究前哨所转转！,时间管理大师非你莫属！,,
144,185,185,zyd,Helion,1.0,2021年04月20日,814,7,EcoLine,1,1.0,0,1.6,9.3,Robinson Industries,90,10,6,2021年04月20日,2,119,37,177,145,0.8117647058823529,57,2.25,1,作为火星的新兴势力，感谢你们为火星增添了几分绿意！,崭露头角，轻取桂冠,火星好寂寞，下次记得多陪陪人家~,不要忘记和他一起度过的愉快生活哦~,什么？还有不要睡觉的火星人？你是来自木星的吗？,你是出色的技术流！世界政府需要你这样的人才！,你是如假包换的老拖拖，请问AI中心研究的反重力科技成果怎么样了？,再接再厉！没事多去研究前哨所转转！,时间管理大师非你莫属！,,
145,177,177,automuen,Tharsis Republic,1.0,2021年01月04日,92,7,Manutech,2,3.0,1,2.6,10.0,Tharsis Republic,90,10,7,2021年01月04日,1,113,16,200,146,1.2235294117647062,105,2.642857142857143,0,作为登陆火星的先行者，你们为火星的建设奠定了坚实的基础！,崭露头角，轻取桂冠,火星好寂寞，下次记得多陪陪人家~,不要忘记和他一起度过的愉快生活哦~,什么？还有不要睡觉的火星人？你是来自木星的吗？,运气总是起起落落落落落落，我懂你！,你是如假包换的老拖拖，请问AI中心研究的反重力科技成果怎么样了？,再接再厉！没事多去研究前哨所转转！,哦，原来最多也只是开了一局啊，那没事了。,,
146,210,210,bluelingb,Pharmacy Union,4.0,2021年05月02日,130,11,Ecoline (breakthrough),2,3.0,0,3.5,8.1,Ecoline (breakthrough),90,9,11,2021年05月02日,1,90,126,88,147,1.9428571428571424,166,2.642857142857143,0,作为火星的第二批居民，你们牵引了无数小行星让火星不再孤寂寒冷。,愈战愈勇，砥砺前行,虽然玩得不多，但是改造委员会看到了你的诚意！,不要忘记和他一起度过的愉快生活哦~,什么？还有不要睡觉的火星人？你是来自木星的吗？,别灰心！4个人里面只有1个人垫底！,你是如假包换的老拖拖，请问AI中心研究的反重力科技成果怎么样了？,再接再厉！没事多去研究前哨所转转！,哦，原来最多也只是开了一局啊，那没事了。,,
147,190,190,apex,Pobolog (breakthrough),4.0,2021年05月15日,810,8,Point Luna,2,1.5,0,2.2,7.9,Pharmacy Union,90,8,8,2021年05月15日,1,105,157,58,148,1.1555555555555557,96,2.2142857142857144,0,作为火星的新兴势力，感谢你们为火星增添了几分绿意！,愈战愈勇，砥砺前行,火星好寂寞，下次记得多陪陪人家~,不要忘记和他一起度过的愉快生活哦~,什么？还有不要睡觉的火星人？你是来自木星的吗？,运气总是起起落落落落落落，我懂你！,你改造拖拖两开花，进可过牌变魔术，退可标动打工人,再接再厉！没事多去研究前哨所转转！,哦，原来最多也只是开了一局啊，那没事了。,,
148,232,232,wms,Mining Guild,3.0,2021年04月20日,642,16,Pobolog (breakthrough),2,3.0,0,2.9,8.7,Ecoline (breakthrough),89,9,14,2021年04月20日,2,71,67,147,149,1.9153846153846152,161,2.642857142857143,0,作为火星的第二批居民，你们牵引了无数小行星让火星不再孤寂寒冷。,初出茅庐，志在千里,虽然玩得不多，但是改造委员会看到了你的诚意！,不要忘记和他一起度过的愉快生活哦~,什么？还有不要睡觉的火星人？你是来自木星的吗？,运气总是起起落落落落落落，我懂你！,你是如假包换的老拖拖，请问AI中心研究的反重力科技成果怎么样了？,再接再厉！没事多去研究前哨所转转！,时间管理大师非你莫属！,,
149,29,29,万丈千明,Philares,1.0,2021年05月13日,494,2,Philares,1,1.0,0,1.0,9.0,Philares,89,9,2,2021年05月13日,1,178,57,167,150,0.3999999999999999,2,2.25,0,作为火星的第二批居民，你们牵引了无数小行星让火星不再孤寂寒冷。,崭露头角，轻取桂冠,火星好寂寞，下次记得多陪陪人家~,不要忘记和他一起度过的愉快生活哦~,什么？还有不要睡觉的火星人？你是来自木星的吗？,你是出色的技术流！世界政府需要你这样的人才！,你是如假包换的老拖拖，请问AI中心研究的反重力科技成果怎么样了？,再接再厉！没事多去研究前哨所转转！,哦，原来最多也只是开了一局啊，那没事了。,,
150,171,171,不泯理念,Celestic (breakthrough),4.0,2021年01月01日,112,5,Celestic (breakthrough),1,4.0,1,3.2,7.6,Saturn Systems,89,8,5,2021年01月01日,1,131,178,36,151,1.2533333333333334,107,2.75,0,作为火星的第二批居民，你们牵引了无数小行星让火星不再孤寂寒冷。,愈战愈勇，砥砺前行,火星好寂寞，下次记得多陪陪人家~,不要忘记和他一起度过的愉快生活哦~,什么？还有不要睡觉的火星人？你是来自木星的吗？,别灰心！4个人里面只有1个人垫底！,你改造拖拖两开花，进可过牌变魔术，退可标动打工人,再接再厉！没事多去研究前哨所转转！,哦，原来最多也只是开了一局啊，那没事了。,,
151,12,12,yk,Vitor,2.0,2021年05月17日,792,2,Valley Trust,1,1.0,22,1.5,9.5,Valley Trust,88,10,2,2021年05月17日,1,187,28,187,152,0.4833333333333333,7,2.25,1,作为火星的第二批居民，你们牵引了无数小行星让火星不再孤寂寒冷。,小试牛刀，施精布略,火星好寂寞，下次记得多陪陪人家~,不要忘记和他一起度过的愉快生活哦~,什么？还有不要睡觉的火星人？你是来自木星的吗？,你是出色的技术流！世界政府需要你这样的人才！,你是如假包换的老拖拖，请问AI中心研究的反重力科技成果怎么样了？,再接再厉！没事多去研究前哨所转转！,哦，原来最多也只是开了一局啊，那没事了。,,
152,218,218,天使,Viron (breakthrough),2.0,2020年11月22日,9,12,Lakefront Resorts,2,2.5,23,2.0,6.6,Point Luna,88,7,11,2020年11月22日,2,85,209,5,153,1.2181818181818185,103,2.5,0,作为登陆火星的先行者，你们为火星的建设奠定了坚实的基础！,小试牛刀，施精布略,虽然玩得不多，但是改造委员会看到了你的诚意！,不要忘记和他一起度过的愉快生活哦~,什么？还有不要睡觉的火星人？你是来自木星的吗？,你是出色的技术流！世界政府需要你这样的人才！,你是纯纯粹粹的改造党，火卫二不在的第N天，想她,再接再厉！没事多去研究前哨所转转！,时间管理大师非你莫属！,,
153,157,157,bulez00,Helion,2.0,2021年06月29日,1079,4,Helion,2,2.5,1,2.0,10.5,Helion and ,87,12,4,2021年06月29日,1,138,7,207,154,0.7714285714285715,55,2.5,1,作为火星的新兴势力，感谢你们为火星增添了几分绿意！,小试牛刀，施精布略,火星好寂寞，下次记得多陪陪人家~,不要忘记和他一起度过的愉快生活哦~,什么？还有不要睡觉的火星人？你是来自木星的吗？,你是出色的技术流！世界政府需要你这样的人才！,你是如假包换的老拖拖，请问AI中心研究的反重力科技成果怎么样了？,再接再厉！没事多去研究前哨所转转！,哦，原来最多也只是开了一局啊，那没事了。,,
154,74,74,mocca,Point Luna,4.0,2021年07月15日,1078,2,EcoLine,1,4.0,1,4.0,11.0,EcoLine and ,87,12,2,2021年07月15日,1,204,2,212,155,0.9,67,2.75,0,作为火星的新兴势力，感谢你们为火星增添了几分绿意！,愈战愈勇，砥砺前行,火星好寂寞，下次记得多陪陪人家~,不要忘记和他一起度过的愉快生活哦~,什么？还有不要睡觉的火星人？你是来自木星的吗？,别灰心！4个人里面只有1个人垫底！,你是如假包换的老拖拖，请问AI中心研究的反重力科技成果怎么样了？,再接再厉！没事多去研究前哨所转转！,哦，原来最多也只是开了一局啊，那没事了。,,
155,222,222,qfy,Helion,3.0,2021年02月10日,260,13,Cheung Shing MARS,2,3.0,16,2.8,7.9,Celestic,87,10,13,2021年02月10日,1,78,150,64,156,1.6869565217391302,139,2.642857142857143,0,作为火星的第二批居民，你们牵引了无数小行星让火星不再孤寂寒冷。,初出茅庐，志在千里,虽然玩得不多，但是改造委员会看到了你的诚意！,不要忘记和他一起度过的愉快生活哦~,真是元气满满的火星人呢,运气总是起起落落落落落落，我懂你！,你改造拖拖两开花，进可过牌变魔术，退可标动打工人,再接再厉！没事多去研究前哨所转转！,哦，原来最多也只是开了一局啊，那没事了。,,
156,143,143,请叫我堇老师,Saturn Systems,1.0,2021年05月06日,745,3,Point Luna,1,1.0,1,1.3,8.7,Saturn Systems,87,8,3,2021年05月06日,1,160,69,145,157,0.5230769230769231,8,2.25,0,作为火星的第二批居民，你们牵引了无数小行星让火星不再孤寂寒冷。,崭露头角，轻取桂冠,火星好寂寞，下次记得多陪陪人家~,不要忘记和他一起度过的愉快生活哦~,什么？还有不要睡觉的火星人？你是来自木星的吗？,你是出色的技术流！世界政府需要你这样的人才！,你是如假包换的老拖拖，请问AI中心研究的反重力科技成果怎么样了？,再接再厉！没事多去研究前哨所转转！,哦，原来最多也只是开了一局啊，那没事了。,,
157,8,8,laola,Valley Trust,4.0,2021年05月01日,361,2,Valley Trust,1,4.0,20,2.5,8.0,Viron,86,9,2,2021年05月01日,1,191,144,73,158,0.65,27,2.75,0,作为火星的第二批居民，你们牵引了无数小行星让火星不再孤寂寒冷。,愈战愈勇，砥砺前行,火星好寂寞，下次记得多陪陪人家~,不要忘记和他一起度过的愉快生活哦~,真是元气满满的火星人呢,运气总是起起落落落落落落，我懂你！,你改造拖拖两开花，进可过牌变魔术，退可标动打工人,再接再厉！没事多去研究前哨所转转！,哦，原来最多也只是开了一局啊，那没事了。,,
158,42,42,包子,Point Luna,2.0,2021年04月11日,854,2,Point Luna,1,2.0,1,2.5,9.0,Point Luna,86,10,2,2021年04月11日,1,192,42,153,159,0.65,34,2.4166666666666665,0,作为火星的新兴势力，感谢你们为火星增添了几分绿意！,小试牛刀，施精布略,火星好寂寞，下次记得多陪陪人家~,不要忘记和他一起度过的愉快生活哦~,什么？还有不要睡觉的火星人？你是来自木星的吗？,运气总是起起落落落落落落，我懂你！,你是如假包换的老拖拖，请问AI中心研究的反重力科技成果怎么样了？,再接再厉！没事多去研究前哨所转转！,哦，原来最多也只是开了一局啊，那没事了。,,
159,148,148,steamriki,Mining Guild,4.0,2021年05月06日,754,3,Celestic,1,1.0,1,2.7,8.7,Celestic,85,9,3,2021年05月06日,1,162,70,144,160,0.8307692307692308,61,2.25,1,作为火星的第二批居民，你们牵引了无数小行星让火星不再孤寂寒冷。,愈战愈勇，砥砺前行,火星好寂寞，下次记得多陪陪人家~,不要忘记和他一起度过的愉快生活哦~,什么？还有不要睡觉的火星人？你是来自木星的吗？,运气总是起起落落落落落落，我懂你！,你是如假包换的老拖拖，请问AI中心研究的反重力科技成果怎么样了？,再接再厉！没事多去研究前哨所转转！,哦，原来最多也只是开了一局啊，那没事了。,,
160,173,173,zbj,PhoboLog,2.0,2021年04月20日,649,6,Inventrix,3,2.6666666666666665,0,2.2,9.5,Inventrix,85,10,5,2021年04月20日,2,125,26,185,161,0.9875,86,2.5625,0,作为火星的第二批居民，你们牵引了无数小行星让火星不再孤寂寒冷。,小试牛刀，施精布略,火星好寂寞，下次记得多陪陪人家~,不要忘记和他一起度过的愉快生活哦~,什么？还有不要睡觉的火星人？你是来自木星的吗？,运气总是起起落落落落落落，我懂你！,你是如假包换的老拖拖，请问AI中心研究的反重力科技成果怎么样了？,再接再厉！没事多去研究前哨所转转！,时间管理大师非你莫属！,,
161,85,85,rohana,Septem Tribus,4.0,2021年05月05日,597,2,Septem Tribus,1,4.0,13,3.0,7.5,Teractor (breakthrough),85,8,2,2021年05月05日,1,201,184,27,162,0.7333333333333334,39,2.75,0,作为火星的第二批居民，你们牵引了无数小行星让火星不再孤寂寒冷。,愈战愈勇，砥砺前行,火星好寂寞，下次记得多陪陪人家~,不要忘记和他一起度过的愉快生活哦~,早起的火星人有牌抽！,运气总是起起落落落落落落，我懂你！,你改造拖拖两开花，进可过牌变魔术，退可标动打工人,再接再厉！没事多去研究前哨所转转！,哦，原来最多也只是开了一局啊，那没事了。,,
162,196,196,杭睿,Arklight,2.0,2021年01月04日,102,8,Arklight,1,2.0,0,2.9,9.8,Stormcraft Incorporated,85,13,8,2021年01月04日,1,102,20,194,163,1.4333333333333331,125,2.4166666666666665,1,作为火星的第二批居民，你们牵引了无数小行星让火星不再孤寂寒冷。,小试牛刀，施精布略,火星好寂寞，下次记得多陪陪人家~,不要忘记和他一起度过的愉快生活哦~,什么？还有不要睡觉的火星人？你是来自木星的吗？,运气总是起起落落落落落落，我懂你！,你是如假包换的老拖拖，请问AI中心研究的反重力科技成果怎么样了？,再接再厉！没事多去研究前哨所转转！,哦，原来最多也只是开了一局啊，那没事了。,,
163,110,110,猫猫,Point Luna,2.0,2021年05月05日,1006,3,Aridor,1,4.0,0,3.3,9.3,Point Luna,84,9,3,2021年05月05日,1,152,35,179,164,0.9846153846153848,79,2.75,0,作为火星的新兴势力，感谢你们为火星增添了几分绿意！,小试牛刀，施精布略,火星好寂寞，下次记得多陪陪人家~,不要忘记和他一起度过的愉快生活哦~,什么？还有不要睡觉的火星人？你是来自木星的吗？,别灰心！4个人里面只有1个人垫底！,你是如假包换的老拖拖，请问AI中心研究的反重力科技成果怎么样了？,再接再厉！没事多去研究前哨所转转！,哦，原来最多也只是开了一局啊，那没事了。,,
164,205,205,🍁,United Nations Mars Initiative,3.0,2021年04月06日,1109,2,United Nations Mars Initiative,2,3.0,21,3.0,10.5,United Nations Mars Initiative,84,11,2,2021年04月06日,1,194,11,203,165,0.7333333333333334,41,2.642857142857143,0,作为火星的新兴势力，感谢你们为火星增添了几分绿意！,初出茅庐，志在千里,火星好寂寞，下次记得多陪陪人家~,不要忘记和他一起度过的愉快生活哦~,真是元气满满的火星人呢,运气总是起起落落落落落落，我懂你！,你是如假包换的老拖拖，请问AI中心研究的反重力科技成果怎么样了？,再接再厉！没事多去研究前哨所转转！,哦，原来最多也只是开了一局啊，那没事了。,,
165,87,87,小智,Curiosity II,3.0,2021年06月17日,924,2,Curiosity II,1,3.0,0,3.5,9.5,Curiosity II and ,82,10,2,2021年06月17日,1,200,27,190,166,0.8166666666666668,59,2.583333333333333,0,作为火星的新兴势力，感谢你们为火星增添了几分绿意！,初出茅庐，志在千里,火星好寂寞，下次记得多陪陪人家~,不要忘记和他一起度过的愉快生活哦~,什么？还有不要睡觉的火星人？你是来自木星的吗？,别灰心！4个人里面只有1个人垫底！,你是如假包换的老拖拖，请问AI中心研究的反重力科技成果怎么样了？,再接再厉！没事多去研究前哨所转转！,哦，原来最多也只是开了一局啊，那没事了。,,
166,79,79,26,Tharsis_republic (breakthrough),4.0,2021年04月25日,672,2,Teractor (breakthrough),1,4.0,2,4.0,8.5,Teractor (breakthrough),82,9,2,2021年04月25日,1,203,79,131,167,0.9,70,2.75,0,作为火星的第二批居民，你们牵引了无数小行星让火星不再孤寂寒冷。,愈战愈勇，砥砺前行,火星好寂寞，下次记得多陪陪人家~,不要忘记和他一起度过的愉快生活哦~,什么？还有不要睡觉的火星人？你是来自木星的吗？,别灰心！4个人里面只有1个人垫底！,你是如假包换的老拖拖，请问AI中心研究的反重力科技成果怎么样了？,再接再厉！没事多去研究前哨所转转！,哦，原来最多也只是开了一局啊，那没事了。,,
167,181,181,晓黑,Point Luna,4.0,2020年12月03日,115,7,Astrodrill,2,4.0,0,3.4,7.9,Manutech,82,8,7,2020年12月03日,1,115,158,56,168,1.576470588235294,132,2.9285714285714284,0,作为火星的第二批居民，你们牵引了无数小行星让火星不再孤寂寒冷。,愈战愈勇，砥砺前行,火星好寂寞，下次记得多陪陪人家~,不要忘记和他一起度过的愉快生活哦~,什么？还有不要睡觉的火星人？你是来自木星的吗？,别灰心！4个人里面只有1个人垫底！,你改造拖拖两开花，进可过牌变魔术，退可标动打工人,再接再厉！没事多去研究前哨所转转！,哦，原来最多也只是开了一局啊，那没事了。,,
168,213,213,感觉无双,Pobolog (breakthrough),4.0,2021年03月04日,285,12,Pobolog (breakthrough),3,3.6666666666666665,21,3.6,8.4,Saturn Systems,82,9,11,2021年03月04日,2,82,88,126,169,2.0818181818181816,173,2.9375,0,作为火星的第二批居民，你们牵引了无数小行星让火星不再孤寂寒冷。,愈战愈勇，砥砺前行,虽然玩得不多，但是改造委员会看到了你的诚意！,不要忘记和他一起度过的愉快生活哦~,真是元气满满的火星人呢,别灰心！4个人里面只有1个人垫底！,你是如假包换的老拖拖，请问AI中心研究的反重力科技成果怎么样了？,再接再厉！没事多去研究前哨所转转！,时间管理大师非你莫属！,,
169,160,160,无名的鸽子,Philares,4.0,2021年02月18日,273,4,Lakefront Resorts,1,2.0,16,3.5,9.0,Terralabs Research (breakthrough),82,10,3,2021年02月18日,2,136,55,165,170,1.2,100,2.4166666666666665,0,作为火星的第二批居民，你们牵引了无数小行星让火星不再孤寂寒冷。,愈战愈勇，砥砺前行,火星好寂寞，下次记得多陪陪人家~,不要忘记和他一起度过的愉快生活哦~,真是元气满满的火星人呢,别灰心！4个人里面只有1个人垫底！,你是如假包换的老拖拖，请问AI中心研究的反重力科技成果怎么样了？,再接再厉！没事多去研究前哨所转转！,时间管理大师非你莫属！,,
170,214,214,zzx,United Nations Mars Initiative,1.0,2021年02月10日,590,12,Ecoline (breakthrough),2,2.5,16,2.7,7.8,Helion,81,10,12,2021年02月10日,1,83,167,47,171,1.5818181818181818,133,2.5,0,作为火星的第二批居民，你们牵引了无数小行星让火星不再孤寂寒冷。,崭露头角，轻取桂冠,虽然玩得不多，但是改造委员会看到了你的诚意！,不要忘记和他一起度过的愉快生活哦~,真是元气满满的火星人呢,运气总是起起落落落落落落，我懂你！,你改造拖拖两开花，进可过牌变魔术，退可标动打工人,再接再厉！没事多去研究前哨所转转！,哦，原来最多也只是开了一局啊，那没事了。,,
171,178,178,quill,Pobolog (breakthrough),4.0,2021年04月16日,458,7,Factorum (breakthrough),2,3.0,0,2.9,7.0,Tharsis_republic (breakthrough),81,8,7,2021年04月16日,1,114,203,11,172,1.3411764705882354,114,2.642857142857143,0,作为火星的第二批居民，你们牵引了无数小行星让火星不再孤寂寒冷。,愈战愈勇，砥砺前行,火星好寂寞，下次记得多陪陪人家~,不要忘记和他一起度过的愉快生活哦~,什么？还有不要睡觉的火星人？你是来自木星的吗？,运气总是起起落落落落落落，我懂你！,你是纯纯粹粹的改造党，火卫二不在的第N天，想她,再接再厉！没事多去研究前哨所转转！,哦，原来最多也只是开了一局啊，那没事了。,,
172,184,184,tsukikage,Arcadian Communities,1.0,2021年04月20日,632,7,Thorgate (breakthrough),2,3.5,1,3.0,8.6,Arcadian Communities,81,10,6,2021年04月20日,2,118,76,138,173,1.4,121,2.7857142857142856,0,作为火星的第二批居民，你们牵引了无数小行星让火星不再孤寂寒冷。,崭露头角，轻取桂冠,火星好寂寞，下次记得多陪陪人家~,不要忘记和他一起度过的愉快生活哦~,什么？还有不要睡觉的火星人？你是来自木星的吗？,运气总是起起落落落落落落，我懂你！,你是如假包换的老拖拖，请问AI中心研究的反重力科技成果怎么样了？,再接再厉！没事多去研究前哨所转转！,时间管理大师非你莫属！,,
173,153,153,ddd,Vitor,3.0,2020年12月05日,37,4,Inventrix,1,2.0,23,2.8,9.2,Teractor,81,10,3,2020年12月05日,2,141,39,175,174,0.9857142857142858,83,2.4166666666666665,0,作为登陆火星的先行者，你们为火星的建设奠定了坚实的基础！,初出茅庐，志在千里,火星好寂寞，下次记得多陪陪人家~,不要忘记和他一起度过的愉快生活哦~,什么？还有不要睡觉的火星人？你是来自木星的吗？,运气总是起起落落落落落落，我懂你！,你是如假包换的老拖拖，请问AI中心研究的反重力科技成果怎么样了？,再接再厉！没事多去研究前哨所转转！,时间管理大师非你莫属！,,
174,39,39,一刀一个牛头人,Tharsis Republic,2.0,2021年04月30日,714,2,Helion,1,4.0,0,3.0,10.5,Tharsis Republic,80,10,2,2021年04月30日,1,190,10,204,175,0.7333333333333334,42,2.75,0,作为火星的第二批居民，你们牵引了无数小行星让火星不再孤寂寒冷。,小试牛刀，施精布略,火星好寂寞，下次记得多陪陪人家~,不要忘记和他一起度过的愉快生活哦~,什么？还有不要睡觉的火星人？你是来自木星的吗？,运气总是起起落落落落落落，我懂你！,你是如假包换的老拖拖，请问AI中心研究的反重力科技成果怎么样了？,再接再厉！没事多去研究前哨所转转！,哦，原来最多也只是开了一局啊，那没事了。,,
175,34,34,peace,Saturn Systems,3.0,2021年04月30日,719,2,Saturn Systems,1,3.0,0,2.5,10.5,Saturn Systems,80,10,2,2021年04月30日,1,173,8,206,176,0.65,23,2.583333333333333,0,作为火星的第二批居民，你们牵引了无数小行星让火星不再孤寂寒冷。,初出茅庐，志在千里,火星好寂寞，下次记得多陪陪人家~,不要忘记和他一起度过的愉快生活哦~,什么？还有不要睡觉的火星人？你是来自木星的吗？,运气总是起起落落落落落落，我懂你！,你是如假包换的老拖拖，请问AI中心研究的反重力科技成果怎么样了？,再接再厉！没事多去研究前哨所转转！,哦，原来最多也只是开了一局啊，那没事了。,,
176,151,151,naixin,Teractor,4.0,2021年03月27日,41,4,Factorum,1,2.0,20,2.5,8.2,Factorum,80,9,3,2021年03月27日,2,143,106,108,177,0.9142857142857144,75,2.4166666666666665,0,作为登陆火星的先行者，你们为火星的建设奠定了坚实的基础！,愈战愈勇，砥砺前行,火星好寂寞，下次记得多陪陪人家~,不要忘记和他一起度过的愉快生活哦~,真是元气满满的火星人呢,运气总是起起落落落落落落，我懂你！,你是如假包换的老拖拖，请问AI中心研究的反重力科技成果怎么样了？,再接再厉！没事多去研究前哨所转转！,时间管理大师非你莫属！,,
177,145,145,183454241,Inventrix,2.0,2021年05月06日,750,3,Inventrix,1,2.0,1,2.7,8.7,Robinson Industries,80,9,3,2021年05月06日,1,158,72,142,178,0.8307692307692308,63,2.4166666666666665,0,作为火星的第二批居民，你们牵引了无数小行星让火星不再孤寂寒冷。,小试牛刀，施精布略,火星好寂寞，下次记得多陪陪人家~,不要忘记和他一起度过的愉快生活哦~,什么？还有不要睡觉的火星人？你是来自木星的吗？,运气总是起起落落落落落落，我懂你！,你是如假包换的老拖拖，请问AI中心研究的反重力科技成果怎么样了？,再接再厉！没事多去研究前哨所转转！,哦，原来最多也只是开了一局啊，那没事了。,,
178,30,30,有没有可能是你们菜呢,PhoboLog,1.0,2021年07月23日,1069,2,PhoboLog,1,1.0,1,2.5,8.5,Tharsis Republic and ,79,10,2,2021年07月23日,1,177,81,129,179,0.65,24,2.25,1,作为火星的新兴势力，感谢你们为火星增添了几分绿意！,崭露头角，轻取桂冠,火星好寂寞，下次记得多陪陪人家~,不要忘记和他一起度过的愉快生活哦~,什么？还有不要睡觉的火星人？你是来自木星的吗？,运气总是起起落落落落落落，我懂你！,你是如假包换的老拖拖，请问AI中心研究的反重力科技成果怎么样了？,再接再厉！没事多去研究前哨所转转！,哦，原来最多也只是开了一局啊，那没事了。,,
179,32,32,hong,Junk Ventures,2.0,2021年03月19日,420,2,Junk Ventures,1,2.0,3,2.5,8.5,Junk Ventures,78,9,2,2021年03月19日,1,175,82,130,180,0.65,25,2.4166666666666665,0,作为火星的第二批居民，你们牵引了无数小行星让火星不再孤寂寒冷。,小试牛刀，施精布略,火星好寂寞，下次记得多陪陪人家~,不要忘记和他一起度过的愉快生活哦~,什么？还有不要睡觉的火星人？你是来自木星的吗？,运气总是起起落落落落落落，我懂你！,你是如假包换的老拖拖，请问AI中心研究的反重力科技成果怎么样了？,再接再厉！没事多去研究前哨所转转！,哦，原来最多也只是开了一局啊，那没事了。,,
180,44,44,ccl,Point Luna,2.0,2021年03月23日,259,2,Point Luna,1,2.0,21,3.0,8.0,Point Luna,78,8,2,2021年03月23日,1,212,145,79,181,0.7333333333333334,44,2.4166666666666665,0,作为火星的第二批居民，你们牵引了无数小行星让火星不再孤寂寒冷。,小试牛刀，施精布略,火星好寂寞，下次记得多陪陪人家~,不要忘记和他一起度过的愉快生活哦~,真是元气满满的火星人呢,运气总是起起落落落落落落，我懂你！,你改造拖拖两开花，进可过牌变魔术，退可标动打工人,再接再厉！没事多去研究前哨所转转！,哦，原来最多也只是开了一局啊，那没事了。,,
181,14,14,shishen,Astrodrill,3.0,2021年05月13日,800,2,Astrodrill,1,3.0,0,2.5,9.0,Astrodrill,78,9,2,2021年05月13日,1,185,53,162,182,0.65,28,2.583333333333333,0,作为火星的第二批居民，你们牵引了无数小行星让火星不再孤寂寒冷。,初出茅庐，志在千里,火星好寂寞，下次记得多陪陪人家~,不要忘记和他一起度过的愉快生活哦~,什么？还有不要睡觉的火星人？你是来自木星的吗？,运气总是起起落落落落落落，我懂你！,你是如假包换的老拖拖，请问AI中心研究的反重力科技成果怎么样了？,再接再厉！没事多去研究前哨所转转！,哦，原来最多也只是开了一局啊，那没事了。,,
182,161,161,cloream,Saturn Systems,2.0,2020年10月20日,47,4,Factorum,1,4.0,22,2.5,8.5,Saturn Systems,78,10,4,2020年10月20日,1,135,86,134,183,0.9142857142857144,77,2.75,0,作为登陆火星的先行者，你们为火星的建设奠定了坚实的基础！,小试牛刀，施精布略,火星好寂寞，下次记得多陪陪人家~,不要忘记和他一起度过的愉快生活哦~,什么？还有不要睡觉的火星人？你是来自木星的吗？,运气总是起起落落落落落落，我懂你！,你是如假包换的老拖拖，请问AI中心研究的反重力科技成果怎么样了？,再接再厉！没事多去研究前哨所转转！,哦，原来最多也只是开了一局啊，那没事了。,,
183,166,166,piaoling,Midas,4.0,2021年08月12日,1334,5,Valley Trust (breakthrough),2,2.5,16,2.8,7.8,Astrodrill and Helion (breakthrough),78,9,5,2021年08月12日,1,129,164,50,184,1.12,91,2.5,0,作为火星的新兴势力，感谢你们为火星增添了几分绿意！,愈战愈勇，砥砺前行,火星好寂寞，下次记得多陪陪人家~,不要忘记和他一起度过的愉快生活哦~,真是元气满满的火星人呢,运气总是起起落落落落落落，我懂你！,你改造拖拖两开花，进可过牌变魔术，退可标动打工人,再接再厉！没事多去研究前哨所转转！,哦，原来最多也只是开了一局啊，那没事了。,,
184,46,46,xq,Vitor,4.0,2021年06月30日,1076,2,Saturn Systems,1,2.0,15,3.0,9.5,Saturn Systems and ,77,10,2,2021年06月30日,1,210,24,184,185,0.7333333333333334,47,2.4166666666666665,0,作为火星的新兴势力，感谢你们为火星增添了几分绿意！,愈战愈勇，砥砺前行,火星好寂寞，下次记得多陪陪人家~,不要忘记和他一起度过的愉快生活哦~,真是元气满满的火星人呢,运气总是起起落落落落落落，我懂你！,你是如假包换的老拖拖，请问AI中心研究的反重力科技成果怎么样了？,再接再厉！没事多去研究前哨所转转！,哦，原来最多也只是开了一局啊，那没事了。,,
185,43,43,769991388,EcoLine,2.0,2020年12月05日,29,2,EcoLine,1,2.0,22,1.5,9.0,Viron,77,9,2,2020年12月05日,1,193,60,170,186,0.4833333333333333,6,2.4166666666666665,0,作为登陆火星的先行者，你们为火星的建设奠定了坚实的基础！,小试牛刀，施精布略,火星好寂寞，下次记得多陪陪人家~,不要忘记和他一起度过的愉快生活哦~,什么？还有不要睡觉的火星人？你是来自木星的吗？,你是出色的技术流！世界政府需要你这样的人才！,你是如假包换的老拖拖，请问AI中心研究的反重力科技成果怎么样了？,再接再厉！没事多去研究前哨所转转！,哦，原来最多也只是开了一局啊，那没事了。,,
186,202,202,joker,Pobolog (breakthrough),4.0,2021年05月24日,953,9,Poseidon,2,4.0,14,3.7,7.3,Lakefront Resorts,77,9,8,2021年05月24日,2,99,196,18,187,1.8842105263157891,157,2.9285714285714284,0,作为火星的新兴势力，感谢你们为火星增添了几分绿意！,愈战愈勇，砥砺前行,火星好寂寞，下次记得多陪陪人家~,不要忘记和他一起度过的愉快生活哦~,早起的火星人有牌抽！,别灰心！4个人里面只有1个人垫底！,你改造拖拖两开花，进可过牌变魔术，退可标动打工人,再接再厉！没事多去研究前哨所转转！,时间管理大师非你莫属！,,
187,234,234,amadeus,Point Luna,4.0,2021年07月11日,1108,16,Point Luna,2,4.0,22,3.2,6.4,Utopia Invest and UNMI (breakthrough),77,7,10,2021年07月11日,3,73,211,3,188,2.107692307692308,175,2.9285714285714284,0,作为火星的新兴势力，感谢你们为火星增添了几分绿意！,愈战愈勇，砥砺前行,虽然玩得不多，但是改造委员会看到了你的诚意！,不要忘记和他一起度过的愉快生活哦~,什么？还有不要睡觉的火星人？你是来自木星的吗？,别灰心！4个人里面只有1个人垫底！,你是纯纯粹粹的改造党，火卫二不在的第N天，想她,再接再厉！没事多去研究前哨所转转！,时间管理大师非你莫属！,,
188,101,101,francis,Celestic (breakthrough),3.0,2021年05月06日,689,2,Aphrodite (breakthrough),1,3.0,13,3.0,8.0,Aphrodite (breakthrough),76,8,2,2021年05月06日,1,197,143,75,189,0.7333333333333334,48,2.583333333333333,0,作为火星的第二批居民，你们牵引了无数小行星让火星不再孤寂寒冷。,初出茅庐，志在千里,火星好寂寞，下次记得多陪陪人家~,不要忘记和他一起度过的愉快生活哦~,早起的火星人有牌抽！,运气总是起起落落落落落落，我懂你！,你改造拖拖两开花，进可过牌变魔术，退可标动打工人,再接再厉！没事多去研究前哨所转转！,哦，原来最多也只是开了一局啊，那没事了。,,
189,154,154,1962142767,Point Luna,4.0,2021年07月08日,1132,4,Incite Ender,1,4.0,14,4.0,7.0,Pobolog (breakthrough) and Curiosity II,75,7,4,2021年07月08日,1,140,202,12,190,1.342857142857143,115,2.75,0,作为火星的新兴势力，感谢你们为火星增添了几分绿意！,愈战愈勇，砥砺前行,火星好寂寞，下次记得多陪陪人家~,不要忘记和他一起度过的愉快生活哦~,早起的火星人有牌抽！,别灰心！4个人里面只有1个人垫底！,你是纯纯粹粹的改造党，火卫二不在的第N天，想她,再接再厉！没事多去研究前哨所转转！,哦，原来最多也只是开了一局啊，那没事了。,,
190,67,67,鯊魚,Saturn Systems,1.0,2021年05月17日,820,2,Robinson Industries,1,4.0,5,2.5,9.5,Saturn Systems,75,10,2,2021年05月17日,1,206,30,189,191,0.65,26,2.75,0,作为火星的新兴势力，感谢你们为火星增添了几分绿意！,崭露头角，轻取桂冠,火星好寂寞，下次记得多陪陪人家~,不要忘记和他一起度过的愉快生活哦~,什么？还有不要睡觉的火星人？你是来自木星的吗？,运气总是起起落落落落落落，我懂你！,你是如假包换的老拖拖，请问AI中心研究的反重力科技成果怎么样了？,再接再厉！没事多去研究前哨所转转！,哦，原来最多也只是开了一局啊，那没事了。,,
191,38,38,龙日天,Mining Guild,3.0,2021年05月13日,527,2,Mining Guild,1,3.0,0,2.0,8.5,Tharsis Republic,75,8,2,2021年05月13日,1,170,84,132,192,0.5666666666666667,12,2.583333333333333,0,作为火星的第二批居民，你们牵引了无数小行星让火星不再孤寂寒冷。,初出茅庐，志在千里,火星好寂寞，下次记得多陪陪人家~,不要忘记和他一起度过的愉快生活哦~,什么？还有不要睡觉的火星人？你是来自木星的吗？,你是出色的技术流！世界政府需要你这样的人才！,你是如假包换的老拖拖，请问AI中心研究的反重力科技成果怎么样了？,再接再厉！没事多去研究前哨所转转！,哦，原来最多也只是开了一局啊，那没事了。,,
192,163,163,1609884203,Aristarchus,2.0,2021年06月11日,811,4,Aristarchus,1,2.0,18,2.0,7.5,UNMI (breakthrough) and Ecoline (breakthrough),75,7,4,2021年06月11日,1,133,188,29,193,0.7714285714285715,56,2.4166666666666665,1,作为火星的新兴势力，感谢你们为火星增添了几分绿意！,小试牛刀，施精布略,火星好寂寞，下次记得多陪陪人家~,不要忘记和他一起度过的愉快生活哦~,真是元气满满的火星人呢,你是出色的技术流！世界政府需要你这样的人才！,你改造拖拖两开花，进可过牌变魔术，退可标动打工人,再接再厉！没事多去研究前哨所转转！,哦，原来最多也只是开了一局啊，那没事了。,,
193,31,31,dr,Tharsis Republic,3.0,2021年03月26日,498,2,Tharsis Republic,2,3.0,20,3.0,10.5,Tharsis Republic,74,11,2,2021年03月26日,1,176,9,205,194,0.7333333333333334,46,2.642857142857143,0,作为火星的第二批居民，你们牵引了无数小行星让火星不再孤寂寒冷。,初出茅庐，志在千里,火星好寂寞，下次记得多陪陪人家~,不要忘记和他一起度过的愉快生活哦~,真是元气满满的火星人呢,运气总是起起落落落落落落，我懂你！,你是如假包换的老拖拖，请问AI中心研究的反重力科技成果怎么样了？,再接再厉！没事多去研究前哨所转转！,哦，原来最多也只是开了一局啊，那没事了。,,
194,176,176,zk2910889,CrediCor,4.0,2021年03月17日,396,7,Helion (breakthrough),3,3.6666666666666665,22,3.1,7.6,Helion (breakthrough),74,8,6,2021年03月17日,2,112,181,33,195,1.4588235294117649,127,2.9375,0,作为火星的第二批居民，你们牵引了无数小行星让火星不再孤寂寒冷。,愈战愈勇，砥砺前行,火星好寂寞，下次记得多陪陪人家~,不要忘记和他一起度过的愉快生活哦~,什么？还有不要睡觉的火星人？你是来自木星的吗？,别灰心！4个人里面只有1个人垫底！,你改造拖拖两开花，进可过牌变魔术，退可标动打工人,再接再厉！没事多去研究前哨所转转！,时间管理大师非你莫属！,,
195,174,174,faywei,Poseidon,3.0,2020年10月31日,74,6,Inventrix (breakthrough),1,4.0,15,3.3,7.7,Poseidon,72,8,6,2020年10月31日,1,124,173,40,196,1.425,123,2.75,0,作为登陆火星的先行者，你们为火星的建设奠定了坚实的基础！,初出茅庐，志在千里,火星好寂寞，下次记得多陪陪人家~,不要忘记和他一起度过的愉快生活哦~,真是元气满满的火星人呢,别灰心！4个人里面只有1个人垫底！,你改造拖拖两开花，进可过牌变魔术，退可标动打工人,再接再厉！没事多去研究前哨所转转！,哦，原来最多也只是开了一局啊，那没事了。,,
196,113,113,虎虎虎,Factorum (breakthrough),4.0,2020年11月01日,43,3,Aphrodite (breakthrough),1,3.0,0,3.3,8.3,Aphrodite (breakthrough),71,9,3,2020年11月01日,1,149,100,114,197,0.9846153846153848,80,2.583333333333333,0,作为登陆火星的先行者，你们为火星的建设奠定了坚实的基础！,愈战愈勇，砥砺前行,火星好寂寞，下次记得多陪陪人家~,不要忘记和他一起度过的愉快生活哦~,什么？还有不要睡觉的火星人？你是来自木星的吗？,别灰心！4个人里面只有1个人垫底！,你是如假包换的老拖拖，请问AI中心研究的反重力科技成果怎么样了？,再接再厉！没事多去研究前哨所转转！,哦，原来最多也只是开了一局啊，那没事了。,,
197,27,27,crlr,Mons Insurance,4.0,2021年05月10日,774,2,Astrodrill,1,3.0,1,3.5,9.0,Astrodrill,71,9,2,2021年05月10日,1,171,59,169,198,0.8166666666666668,60,2.583333333333333,0,作为火星的第二批居民，你们牵引了无数小行星让火星不再孤寂寒冷。,愈战愈勇，砥砺前行,火星好寂寞，下次记得多陪陪人家~,不要忘记和他一起度过的愉快生活哦~,什么？还有不要睡觉的火星人？你是来自木星的吗？,别灰心！4个人里面只有1个人垫底！,你是如假包换的老拖拖，请问AI中心研究的反重力科技成果怎么样了？,再接再厉！没事多去研究前哨所转转！,哦，原来最多也只是开了一局啊，那没事了。,,
198,149,149,sanduo,Saturn Systems,1.0,2021年03月27日,360,4,Pharmacy Union,1,2.0,20,2.2,8.2,Valley Trust,71,9,3,2021年03月27日,2,144,108,106,199,0.8428571428571429,64,2.4166666666666665,1,作为火星的第二批居民，你们牵引了无数小行星让火星不再孤寂寒冷。,崭露头角，轻取桂冠,火星好寂寞，下次记得多陪陪人家~,不要忘记和他一起度过的愉快生活哦~,真是元气满满的火星人呢,运气总是起起落落落落落落，我懂你！,你是如假包换的老拖拖，请问AI中心研究的反重力科技成果怎么样了？,再接再厉！没事多去研究前哨所转转！,时间管理大师非你莫属！,,
199,22,22,eie,Viron,2.0,2021年05月10日,766,2,Valley Trust (breakthrough),1,4.0,1,3.0,9.0,Viron,71,9,2,2021年05月10日,1,180,56,166,200,0.7333333333333334,50,2.75,0,作为火星的第二批居民，你们牵引了无数小行星让火星不再孤寂寒冷。,小试牛刀，施精布略,火星好寂寞，下次记得多陪陪人家~,不要忘记和他一起度过的愉快生活哦~,什么？还有不要睡觉的火星人？你是来自木星的吗？,运气总是起起落落落落落落，我懂你！,你是如假包换的老拖拖，请问AI中心研究的反重力科技成果怎么样了？,再接再厉！没事多去研究前哨所转转！,哦，原来最多也只是开了一局啊，那没事了。,,
200,152,152,biaodi,Factorum,3.0,2021年03月27日,421,4,Tharsis Republic,2,2.0,20,2.5,8.2,Saturn Systems,70,9,3,2021年03月27日,2,142,107,107,201,0.9142857142857144,74,2.357142857142857,0,作为火星的第二批居民，你们牵引了无数小行星让火星不再孤寂寒冷。,初出茅庐，志在千里,火星好寂寞，下次记得多陪陪人家~,不要忘记和他一起度过的愉快生活哦~,真是元气满满的火星人呢,运气总是起起落落落落落落，我懂你！,你是如假包换的老拖拖，请问AI中心研究的反重力科技成果怎么样了？,再接再厉！没事多去研究前哨所转转！,时间管理大师非你莫属！,,
201,119,119,black_uuz,United Nations Mission One,2.0,2021年05月01日,229,3,Point Luna,1,1.0,22,1.7,7.3,Point Luna,70,7,3,2021年05月01日,1,150,195,19,202,0.6,18,2.25,0,作为火星的第二批居民，你们牵引了无数小行星让火星不再孤寂寒冷。,小试牛刀，施精布略,火星好寂寞，下次记得多陪陪人家~,不要忘记和他一起度过的愉快生活哦~,什么？还有不要睡觉的火星人？你是来自木星的吗？,你是出色的技术流！世界政府需要你这样的人才！,你改造拖拖两开花，进可过牌变魔术，退可标动打工人,再接再厉！没事多去研究前哨所转转！,哦，原来最多也只是开了一局啊，那没事了。,,
202,23,23,lala,Mining Guild,2.0,2021年03月27日,471,2,Mining Guild,1,2.0,12,3.0,8.5,Pharmacy Union,69,9,1,2021年03月27日,2,184,80,128,203,0.7333333333333334,49,2.4166666666666665,0,作为火星的第二批居民，你们牵引了无数小行星让火星不再孤寂寒冷。,小试牛刀，施精布略,火星好寂寞，下次记得多陪陪人家~,不要忘记和他一起度过的愉快生活哦~,早起的火星人有牌抽！,运气总是起起落落落落落落，我懂你！,你是如假包换的老拖拖，请问AI中心研究的反重力科技成果怎么样了？,再接再厉！没事多去研究前哨所转转！,时间管理大师非你莫属！,,
203,28,28,xiaomo,United Nations Mars Initiative,4.0,2021年06月20日,1012,2,EcoLine,1,1.0,2,2.5,7.5,EcoLine and ,68,8,2,2021年06月20日,1,179,185,28,204,0.65,29,2.25,1,作为火星的新兴势力，感谢你们为火星增添了几分绿意！,愈战愈勇，砥砺前行,火星好寂寞，下次记得多陪陪人家~,不要忘记和他一起度过的愉快生活哦~,什么？还有不要睡觉的火星人？你是来自木星的吗？,运气总是起起落落落落落落，我懂你！,你改造拖拖两开花，进可过牌变魔术，退可标动打工人,再接再厉！没事多去研究前哨所转转！,哦，原来最多也只是开了一局啊，那没事了。,,
204,53,53,zhangcheng,Point Luna,4.0,2021年04月30日,633,2,Mining guild (breakthrough),1,4.0,3,4.0,6.5,Point Luna,67,8,2,2021年04月30日,1,208,210,4,205,0.9,68,2.75,0,作为火星的第二批居民，你们牵引了无数小行星让火星不再孤寂寒冷。,愈战愈勇，砥砺前行,火星好寂寞，下次记得多陪陪人家~,不要忘记和他一起度过的愉快生活哦~,什么？还有不要睡觉的火星人？你是来自木星的吗？,别灰心！4个人里面只有1个人垫底！,你是纯纯粹粹的改造党，火卫二不在的第N天，想她,再接再厉！没事多去研究前哨所转转！,哦，原来最多也只是开了一局啊，那没事了。,,
205,41,41,丝巾,Vitor,4.0,2020年10月20日,51,2,Tharsis_republic (breakthrough),1,4.0,23,4.0,9.0,Vitor,66,10,2,2020年10月20日,1,189,44,155,206,0.9,71,2.75,0,作为登陆火星的先行者，你们为火星的建设奠定了坚实的基础！,愈战愈勇，砥砺前行,火星好寂寞，下次记得多陪陪人家~,不要忘记和他一起度过的愉快生活哦~,什么？还有不要睡觉的火星人？你是来自木星的吗？,别灰心！4个人里面只有1个人垫底！,你是如假包换的老拖拖，请问AI中心研究的反重力科技成果怎么样了？,再接再厉！没事多去研究前哨所转转！,哦，原来最多也只是开了一局啊，那没事了。,,
206,140,140,yddyqjd,Point Luna,3.0,2020年11月03日,50,3,Cheung Shing MARS,1,2.0,22,2.7,8.0,Philares,66,8,3,2020年11月03日,1,168,141,78,207,0.8307692307692308,62,2.4166666666666665,0,作为登陆火星的先行者，你们为火星的建设奠定了坚实的基础！,初出茅庐，志在千里,火星好寂寞，下次记得多陪陪人家~,不要忘记和他一起度过的愉快生活哦~,什么？还有不要睡觉的火星人？你是来自木星的吗？,运气总是起起落落落落落落，我懂你！,你改造拖拖两开花，进可过牌变魔术，退可标动打工人,再接再厉！没事多去研究前哨所转转！,哦，原来最多也只是开了一局啊，那没事了。,,
207,158,158,柴郡猫,Mining guild (breakthrough),1.0,2021年06月17日,964,4,Mining guild (breakthrough),2,2.5,1,2.8,6.0,Mining guild (breakthrough) and Tharsis_republic (breakthrough),65,6,4,2021年06月17日,1,137,212,2,208,0.9857142857142858,84,2.5,0,作为火星的新兴势力，感谢你们为火星增添了几分绿意！,崭露头角，轻取桂冠,火星好寂寞，下次记得多陪陪人家~,不要忘记和他一起度过的愉快生活哦~,什么？还有不要睡觉的火星人？你是来自木星的吗？,运气总是起起落落落落落落，我懂你！,你是纯纯粹粹的改造党，火卫二不在的第N天，想她,再接再厉！没事多去研究前哨所转转！,哦，原来最多也只是开了一局啊，那没事了。,,
208,26,26,lxlx,PhoboLog,1.0,2021年06月20日,1014,2,Cheung Shing MARS,1,3.0,0,2.0,7.5,PhoboLog and ,64,8,1,2021年06月20日,2,181,187,30,209,0.5666666666666667,11,2.583333333333333,0,作为火星的新兴势力，感谢你们为火星增添了几分绿意！,崭露头角，轻取桂冠,火星好寂寞，下次记得多陪陪人家~,不要忘记和他一起度过的愉快生活哦~,什么？还有不要睡觉的火星人？你是来自木星的吗？,你是出色的技术流！世界政府需要你这样的人才！,你改造拖拖两开花，进可过牌变魔术，退可标动打工人,再接再厉！没事多去研究前哨所转转！,时间管理大师非你莫属！,,
209,7,7,flagalac,Robinson Industries,4.0,2021年07月15日,1121,2,Poseidon,1,4.0,0,4.0,10.0,Poseidon and ,54,10,1,2021年07月15日,2,213,13,199,210,0.9,69,2.75,0,作为火星的新兴势力，感谢你们为火星增添了几分绿意！,愈战愈勇，砥砺前行,火星好寂寞，下次记得多陪陪人家~,不要忘记和他一起度过的愉快生活哦~,什么？还有不要睡觉的火星人？你是来自木星的吗？,别灰心！4个人里面只有1个人垫底！,你是如假包换的老拖拖，请问AI中心研究的反重力科技成果怎么样了？,再接再厉！没事多去研究前哨所转转！,时间管理大师非你莫属！,,
210,144,144,胡宇彬,Mining Guild,4.0,2021年06月14日,983,3,Mining Guild,1,4.0,23,3.3,8.7,Thorgate and ,53,9,2,2021年06月14日,2,164,68,146,211,0.9846153846153848,81,2.75,0,作为火星的新兴势力，感谢你们为火星增添了几分绿意！,愈战愈勇，砥砺前行,火星好寂寞，下次记得多陪陪人家~,不要忘记和他一起度过的愉快生活哦~,什么？还有不要睡觉的火星人？你是来自木星的吗？,别灰心！4个人里面只有1个人垫底！,你是如假包换的老拖拖，请问AI中心研究的反重力科技成果怎么样了？,再接再厉！没事多去研究前哨所转转！,时间管理大师非你莫属！,,
211,37,37,blake,Teractor (breakthrough),4.0,2020年12月09日,84,2,Recyclon (breakthrough),1,4.0,13,4.0,7.5,Recyclon (breakthrough),50,7,2,2020年12月09日,1,172,186,26,212,0.9,66,2.75,0,作为登陆火星的先行者，你们为火星的建设奠定了坚实的基础！,愈战愈勇，砥砺前行,火星好寂寞，下次记得多陪陪人家~,不要忘记和他一起度过的愉快生活哦~,早起的火星人有牌抽！,别灰心！4个人里面只有1个人垫底！,你改造拖拖两开花，进可过牌变魔术，退可标动打工人,再接再厉！没事多去研究前哨所转转！,哦，原来最多也只是开了一局啊，那没事了。,,
212,25,25,wapian,Arklight (breakthrough),4.0,2021年06月23日,1019,2,Arklight (breakthrough),1,4.0,19,3.0,5.5,Manutech and Curiosity II,46,6,1,2021年06月23日,2,182,213,1,213,0.7333333333333334,45,2.75,0,作为火星的新兴势力，感谢你们为火星增添了几分绿意！,愈战愈勇，砥砺前行,火星好寂寞，下次记得多陪陪人家~,不要忘记和他一起度过的愉快生活哦~,真是元气满满的火星人呢,运气总是起起落落落落落落，我懂你！,你是纯纯粹粹的改造党，火卫二不在的第N天，想她,再接再厉！没事多去研究前哨所转转！,时间管理大师非你莫属！,,
