,user_id,first_corp,first_rank,first_time,create_no,total_games,favorite_corp,fa_corp_times,fa_corp_rank,most_freq_play_time,avg_rank,avg_gens,highest_corp,highest_score,highest_gens,played_day,most_date,most_date_times
0,boxness,Tharsis Republic,3,2021-06-20 23:15:05,404.0,2,Teractor,1,2.0,22,2.5,9.0,Teractor and ,94,10,2,2021-06-20 00:00:00,1
1,deng,Teractor,3,2020-12-05 23:59:27,398.0,2,Arcadian Communities,1,2.0,23,2.5,10.5,Teractor,102,12,1,2020-12-05 00:00:00,2
2,blake,Teractor (breakthrough),4,2020-12-09 20:19:41,84.0,2,Recyclon (breakthrough),1,4.0,13,4.0,7.5,Recyclon (breakthrough),50,7,2,2020-12-09 00:00:00,1
3,tm-tour-101,Vitor,3,2021-02-02 21:27:23,148.0,2,Utopia Invest,1,2.0,20,2.5,8.0,Vitor,69,9,2,2021-02-02 00:00:00,1
4,laola,Valley Trust,4,2021-05-01 20:52:13,361.0,2,Valley Trust,1,4.0,20,2.5,8.0,Viron,86,9,2,2021-05-01 00:00:00,1
5,ss,Mining guild (breakthrough),1,2020-12-17 22:33:11,94.0,2,Celestic (breakthrough),1,1.0,13,1.0,9.0,Mining guild (breakthrough),103,9,2,2020-12-17 00:00:00,1
6,g.c,Saturn Systems,1,2021-02-21 16:25:08,97.0,2,Celestic (breakthrough),1,2.0,14,1.5,8.5,Saturn Systems,141,9,2,2021-02-21 00:00:00,1
7,hong,Junk Ventures,2,2021-03-19 03:08:02,420.0,2,Junk Ventures,1,2.0,3,2.5,8.5,Junk Ventures,78,9,2,2021-03-19 00:00:00,1
8,lala,Mining Guild,2,2021-03-27 12:52:23,471.0,2,Mining Guild,1,2.0,12,3.0,8.5,Pharmacy Union,69,9,1,2021-03-27 00:00:00,2
9,mocca,Point Luna,4,2021-07-15 23:23:33,1078.0,2,EcoLine,1,4.0,1,4.0,11.0,EcoLine and ,87,12,2,2021-07-15 00:00:00,1
10,tm-tour-822,Viron (breakthrough),2,2021-02-02 21:27:23,147.0,2,Inventrix (breakthrough),1,1.0,21,1.5,8.5,Viron (breakthrough),95,9,2,2021-02-02 00:00:00,1
11,1012k,Point Luna,2,2021-08-04 21:21:00,283.0,2,Aphrodite (breakthrough),1,2.0,16,2.0,7.5,Point Luna and UNMI (breakthrough),91,8,2,2021-08-04 00:00:00,1
12,lxlx,PhoboLog,1,2021-06-20 00:55:34,1014.0,2,Cheung Shing MARS,1,3.0,0,2.0,7.5,PhoboLog and ,64,8,1,2021-06-20 00:00:00,2
13,tour-111,Helion (breakthrough),2,2021-02-18 21:56:14,235.0,2,Helion (breakthrough),1,2.0,15,2.0,7.0,Teractor (breakthrough),78,8,2,2021-02-18 00:00:00,1
14,tour-413,Point Luna,4,2021-02-18 21:56:14,236.0,2,Pobolog (breakthrough),1,1.0,20,2.5,6.5,Pobolog (breakthrough),92,7,2,2021-02-18 00:00:00,1
15,tour-148,Factorum (breakthrough),2,2021-02-20 20:23:40,237.0,2,Factorum (breakthrough),1,2.0,15,1.5,9.0,Polyphemos (breakthrough),104,8,2,2021-02-20 00:00:00,1
16,tour-533,Celestic (breakthrough),2,2021-02-17 21:44:31,238.0,2,Celestic (breakthrough),1,2.0,17,3.0,7.5,Celestic (breakthrough),77,8,2,2021-02-17 00:00:00,1
17,tour-904,Celestic (breakthrough),3,2021-02-20 20:23:40,239.0,2,Celestic (breakthrough),1,3.0,20,3.0,8.5,Celestic (breakthrough),94,10,2,2021-02-20 00:00:00,1
18,tour-969,Inventrix (breakthrough),1,2021-02-20 20:23:40,240.0,2,Arklight (breakthrough),1,2.0,20,1.5,9.0,Inventrix (breakthrough),105,10,2,2021-02-20 00:00:00,1
19,4tharticle,Mining Guild,4,2021-07-29 00:48:18,1258.0,2,Arklight,1,4.0,0,4.0,9.5,Arklight and ,61,9,2,2021-07-29 00:00:00,1
20,tour-624,Terralabs Research (breakthrough),3,2021-02-18 21:56:14,242.0,2,Cheung Shing MARS,1,4.0,21,3.5,6.5,Cheung Shing MARS,64,7,2,2021-02-18 00:00:00,1
21,ÊúâÊ≤°ÊúâÂèØËÉΩÊòØ‰Ω†‰ª¨ËèúÂë¢,PhoboLog,1,2021-07-23 23:48:14,1069.0,2,PhoboLog,1,1.0,1,2.5,8.5,Tharsis Republic and ,79,10,2,2021-07-23 00:00:00,1
22,Â∞ºÁ¶Ñ,CrediCor,1,2021-07-01 18:33:07,123.0,2,CrediCor,1,1.0,18,1.0,7.0,Splice (breakthrough) and Pobolog (breakthrough),76,7,2,2021-07-01 00:00:00,1
23,tour-469,Aridor,1,2021-05-15 22:02:04,247.0,2,Aridor,1,1.0,22,2.5,8.5,Aridor,110,8,2,2021-05-15 00:00:00,1
24,tour-356,Lakefront Resorts,2,2021-03-01 22:50:45,252.0,2,Lakefront Resorts,1,2.0,14,1.5,7.0,Manutech,95,8,2,2021-03-01 00:00:00,1
25,ccl,Point Luna,2,2021-03-23 21:37:29,259.0,2,Point Luna,1,2.0,21,3.0,8.0,Point Luna,78,8,2,2021-03-23 00:00:00,1
26,xq,Vitor,4,2021-06-30 15:35:45,1076.0,2,Saturn Systems,1,2.0,15,3.0,9.5,Saturn Systems and ,77,10,2,2021-06-30 00:00:00,1
27,tour-688,Vitor,4,2021-02-20 20:23:40,243.0,2,Inventrix (breakthrough),1,2.0,19,3.0,9.0,Vitor,90,10,2,2021-02-20 00:00:00,1
28,xiaomo,United Nations Mars Initiative,4,2021-06-20 02:13:47,1012.0,2,EcoLine,1,1.0,2,2.5,7.5,EcoLine and ,68,8,2,2021-06-20 00:00:00,1
29,ÊöóÁøº,Poseidon,1,2021-05-16 04:24:46,581.0,2,Aridor,1,2.0,3,1.5,9.5,Poseidon,130,9,2,2021-05-16 00:00:00,1
30,dr,Tharsis Republic,3,2021-03-26 20:50:53,498.0,2,Tharsis Republic,2,3.0,20,3.0,10.5,Tharsis Republic,74,11,2,2021-03-26 00:00:00,1
31,kk,Teractor,2,2021-04-10 19:13:58,934.0,2,Poseidon,1,2.0,13,2.0,9.5,Poseidon,109,9,2,2021-04-10 00:00:00,1
32,Â∞èÊô∫,Curiosity II,3,2021-06-17 15:34:08,924.0,2,Curiosity II,1,3.0,0,3.5,9.5,Curiosity II and ,82,10,2,2021-06-17 00:00:00,1
33,ÂÆâÈÄ∏,Saturn Systems,1,2021-03-31 17:46:15,1233.0,2,Inventrix,1,1.0,1,1.0,9.0,Inventrix,99,9,2,2021-03-31 00:00:00,1
34,zxapdh,Saturn Systems,4,2020-12-05 23:59:26,8.0,2,Philares,1,1.0,0,2.5,9.0,Philares,95,9,2,2020-12-05 00:00:00,1
35,ÂåÖÂ≠ê,Point Luna,2,2021-04-11 01:16:19,854.0,2,Point Luna,1,2.0,1,2.5,9.0,Point Luna,86,10,2,2021-04-11 00:00:00,1
36,Âèã‰∫∫,Vitor,4,2020-12-05 23:59:27,11.0,2,Manutech,1,2.0,23,3.0,9.0,Manutech,104,10,1,2020-12-05 00:00:00,2
37,yuexing,Point Luna,3,2020-09-06 16:47:35,823.0,64,Tharsis Republic,5,2.0,20,2.65625,8.8125,CrediCor,131,10,54,2020-09-22 00:00:00,2
38,ÈØäÈ≠ö,Saturn Systems,1,2021-05-17 05:27:56,820.0,2,Robinson Industries,1,4.0,5,2.5,9.5,Saturn Systems,75,10,2,2021-05-17 00:00:00,1
39,Áª¥Â∞ºÁÜä,Factorum (breakthrough),4,2021-07-22 17:14:23,1211.0,2,Curiosity II,1,2.0,0,3.0,8.0,Curiosity II and Polyphemos (breakthrough),95,8,2,2021-07-22 00:00:00,1
40,ÂìàÂ£´Â•á,Robinson Industries,3,2021-07-26 16:33:43,1196.0,2,EcoLine,1,3.0,16,3.0,11.0,EcoLine and ,90,13,2,2021-07-26 00:00:00,1
41,shishen,Astrodrill,3,2021-05-13 23:22:58,800.0,2,Astrodrill,1,3.0,0,2.5,9.0,Astrodrill,78,9,2,2021-05-13 00:00:00,1
42,yk,Vitor,2,2021-05-17 22:10:44,792.0,2,Valley Trust,1,1.0,22,1.5,9.5,Valley Trust,88,10,2,2021-05-17 00:00:00,1
43,kriko,PhoboLog,4,2021-07-26 16:33:43,1192.0,2,PhoboLog,1,4.0,16,3.0,11.0,Saturn Systems and ,112,13,2,2021-07-26 00:00:00,1
44,‰∏á‰∏àÂçÉÊòé,Philares,1,2021-05-13 23:22:58,494.0,2,Philares,1,1.0,0,1.0,9.0,Philares,89,9,2,2021-05-13 00:00:00,1
45,crlr,Mons Insurance,4,2021-05-10 01:23:45,774.0,2,Astrodrill,1,3.0,1,3.5,9.0,Astrodrill,71,9,2,2021-05-10 00:00:00,1
46,769991388,EcoLine,2,2020-12-05 23:59:29,29.0,2,EcoLine,1,2.0,22,1.5,9.0,Viron,77,9,2,2020-12-05 00:00:00,1
47,peace,Saturn Systems,3,2021-04-30 22:14:09,719.0,2,Saturn Systems,1,3.0,0,2.5,10.5,Saturn Systems,80,10,2,2021-04-30 00:00:00,1
48,‰∏ÄÂàÄ‰∏Ä‰∏™ÁâõÂ§¥‰∫∫,Tharsis Republic,2,2021-04-30 22:14:09,714.0,2,Helion,1,4.0,0,3.0,10.5,Tharsis Republic,80,10,2,2021-04-30 00:00:00,1
49,francis,Celestic (breakthrough),3,2021-05-06 13:34:26,689.0,2,Aphrodite (breakthrough),1,3.0,13,3.0,8.0,Aphrodite (breakthrough),76,8,2,2021-05-06 00:00:00,1
50,26,Tharsis_republic (breakthrough),4,2021-04-25 14:26:36,672.0,2,Teractor (breakthrough),1,4.0,2,4.0,8.5,Teractor (breakthrough),82,9,2,2021-04-25 00:00:00,1
51,‰∏ùÂ∑æ,Vitor,4,2020-10-20 23:52:59,51.0,2,Tharsis_republic (breakthrough),1,4.0,23,4.0,9.0,Vitor,66,10,2,2020-10-20 00:00:00,1
52,ÁΩóÊàê,StormCraft Incorporated (breakthrough),3,2021-02-16 00:56:25,52.0,2,StormCraft Incorporated (breakthrough),1,3.0,0,2.0,11.0,Tharsis Republic,120,13,2,2021-02-16 00:00:00,1
53,Èõ∂ÁÇπ,EcoLine,2,2021-07-15 01:00:26,1122.0,2,EcoLine,1,2.0,0,2.0,9.5,Vitor and ,94,9,2,2021-07-15 00:00:00,1
54,zhangcheng,Point Luna,4,2021-04-30 13:15:23,633.0,2,Mining guild (breakthrough),1,4.0,3,4.0,6.5,Point Luna,67,8,2,2021-04-30 00:00:00,1
55,flagalac,Robinson Industries,4,2021-07-15 00:57:01,1121.0,2,Poseidon,1,4.0,0,4.0,10.0,Poseidon and ,54,10,1,2021-07-15 00:00:00,2
56,rohana,Septem Tribus,4,2021-05-05 21:08:40,597.0,2,Septem Tribus,1,4.0,13,3.0,7.5,Teractor (breakthrough),85,8,2,2021-05-05 00:00:00,1
57,tour-267,Septem Tribus,4,2021-02-18 09:20:56,234.0,2,Septem Tribus,1,4.0,9,4.0,8.0,Septem Tribus,76,8,2,2021-02-18 00:00:00,1
58,ÈæôÊó•Â§©,Mining Guild,3,2021-05-13 00:22:56,527.0,2,Mining Guild,1,3.0,0,2.0,8.5,Tharsis Republic,75,8,2,2021-05-13 00:00:00,1
59,eie,Viron,2,2021-05-10 01:23:45,766.0,2,Valley Trust (breakthrough),1,4.0,1,3.0,9.0,Viron,71,9,2,2021-05-10 00:00:00,1
60,tour-962,Teractor (breakthrough),3,2021-02-17 21:44:31,233.0,2,Manutech,1,3.0,21,3.0,8.0,Manutech,82,8,2,2021-02-17 00:00:00,1
61,wapian,Arklight (breakthrough),4,2021-06-23 19:11:21,1019.0,2,Arklight (breakthrough),1,4.0,19,3.0,5.5,Manutech and Curiosity II,46,6,1,2021-06-23 00:00:00,2
62,tour-555,UNMI (breakthrough),4,2021-02-17 21:44:31,231.0,2,Pobolog (breakthrough),1,3.0,17,3.5,7.5,Pobolog (breakthrough),67,7,2,2021-02-17 00:00:00,1
63,tour-63,Septem Tribus,1,2021-02-10 21:45:27,159.0,2,Septem Tribus,1,1.0,21,1.5,8.0,Tharsis_republic (breakthrough),112,9,2,2021-02-10 00:00:00,1
64,tm-tour-688,Teractor (breakthrough),3,2021-02-03 20:46:00,158.0,2,Philares,1,2.0,20,2.5,7.5,Teractor (breakthrough),83,8,2,2021-02-03 00:00:00,1
65,tour-960,Tharsis_republic (breakthrough),3,2021-02-04 20:54:24,187.0,2,Poseidon,1,2.0,20,2.5,7.5,Tharsis_republic (breakthrough),74,8,2,2021-02-04 00:00:00,1
66,tour-7,Vitor,2,2021-02-05 14:03:36,189.0,2,Poseidon,1,2.0,14,2.0,6.0,Vitor,73,8,2,2021-02-05 00:00:00,1
67,tour-513,Mining guild (breakthrough),3,2021-02-04 22:51:10,190.0,2,Mining guild (breakthrough),1,3.0,14,2.0,7.5,Poseidon,84,8,2,2021-02-04 00:00:00,1
68,tour-642,Inventrix (breakthrough),2,2021-02-04 22:51:10,191.0,2,Inventrix (breakthrough),1,2.0,22,3.0,8.0,Point Luna,75,9,2,2021-02-04 00:00:00,1
69,tm-tour-592,Factorum (breakthrough),3,2021-02-03 23:39:02,186.0,2,Factorum (breakthrough),1,3.0,21,2.5,8.0,Inventrix (breakthrough),88,9,2,2021-02-03 00:00:00,1
70,tour-532,Thorgate (breakthrough),2,2021-02-23 23:30:18,165.0,2,Manutech,1,3.0,14,2.5,7.0,Manutech,70,8,2,2021-02-23 00:00:00,1
71,tm-tour-91,Mining guild (breakthrough),1,2021-02-03 23:39:02,195.0,2,Mining guild (breakthrough),1,1.0,23,2.0,7.5,Mining guild (breakthrough),66,7,2,2021-02-03 00:00:00,1
72,tm-tour-561,Pobolog (breakthrough),1,2021-02-05 11:16:21,141.0,2,Pobolog (breakthrough),1,1.0,11,2.5,8.0,Saturn Systems,80,9,2,2021-02-05 00:00:00,1
73,tour-241,Pharmacy Union,4,2021-02-05 16:17:55,198.0,2,Pharmacy Union,1,4.0,16,4.0,7.5,Vitor,58,8,2,2021-02-05 00:00:00,1
74,tour-307,Philares,2,2021-02-05 16:17:55,200.0,2,Philares,2,2.0,16,2.0,6.5,Philares,68,7,2,2021-02-05 00:00:00,1
75,tm-tour-213,Vitor,1,2021-02-02 23:14:54,157.0,2,Factorum (breakthrough),1,3.0,21,2.0,7.0,Vitor,105,8,2,2021-02-02 00:00:00,1
76,tm-tour-485,Teractor (breakthrough),2,2021-02-05 11:16:21,138.0,2,Teractor (breakthrough),1,2.0,11,1.5,7.0,Valley Trust (breakthrough),84,7,2,2021-02-05 00:00:00,1
77,tour-279,UNMI (breakthrough),3,2021-02-05 22:43:07,193.0,2,UNMI (breakthrough),1,3.0,21,2.5,7.5,UNMI (breakthrough),63,7,2,2021-02-05 00:00:00,1
78,tm-tour-187,Poseidon,1,2021-02-01 23:09:45,144.0,2,MorningStar Inc (breakthrough),1,4.0,20,2.5,7.5,Poseidon,73,8,2,2021-02-01 00:00:00,1
79,tour-597,Thorgate (breakthrough),1,2021-02-04 20:54:24,185.0,2,Splice (breakthrough),1,1.0,20,1.0,7.5,Thorgate (breakthrough),88,8,2,2021-02-04 00:00:00,1
80,tour-175,Terralabs Research (breakthrough),3,2021-02-18 09:20:56,232.0,2,Terralabs Research (breakthrough),1,3.0,9,3.5,8.0,Terralabs Research (breakthrough),79,8,2,2021-02-18 00:00:00,1
81,tour-528,Arklight (breakthrough),1,2021-02-06 23:58:02,166.0,2,Arklight (breakthrough),1,1.0,14,2.5,7.5,Lakefront Resorts,68,8,2,2021-02-06 00:00:00,1
82,tm-tour-670,Point Luna,2,2021-02-01 23:09:45,143.0,2,Point Luna,1,2.0,21,1.5,7.5,Teractor (breakthrough),79,7,2,2021-02-01 00:00:00,1
83,tour-290,Poseidon,2,2021-02-16 11:47:15,169.0,2,Ecoline (breakthrough),1,3.0,11,2.5,7.0,Poseidon,61,6,2,2021-02-16 00:00:00,1
84,tour-486,Mining guild (breakthrough),3,2021-02-10 21:45:27,170.0,2,Interplanetary Cinematics (breakthrough),1,4.0,21,3.5,7.5,Interplanetary Cinematics (breakthrough),71,8,2,2021-02-10 00:00:00,1
85,tour-626,Celestic (breakthrough),3,2021-02-16 11:47:15,171.0,2,Celestic (breakthrough),1,3.0,11,2.0,7.5,Factorum (breakthrough),114,9,2,2021-02-16 00:00:00,1
86,tour-661,Mining guild (breakthrough),4,2021-02-06 23:58:02,172.0,2,Mining guild (breakthrough),1,4.0,19,3.5,7.5,Point Luna,76,8,2,2021-02-06 00:00:00,1
87,tour-978,Arcadian Communities (breakthrough),1,2021-02-23 23:30:18,174.0,2,Arcadian Communities (breakthrough),1,1.0,22,2.5,7.0,Arcadian Communities (breakthrough),62,6,2,2021-02-23 00:00:00,1
88,tour-45,Mining guild (breakthrough),4,2021-02-05 22:43:07,175.0,2,Mining guild (breakthrough),1,4.0,20,2.5,7.0,Philares,68,7,2,2021-02-05 00:00:00,1
89,tour-416,Ecoline (breakthrough),4,2021-02-16 11:47:15,176.0,2,Ecoline (breakthrough),1,4.0,11,3.5,6.5,Terralabs Research (breakthrough),60,7,2,2021-02-16 00:00:00,1
90,tour-300,Manutech,4,2021-02-23 23:30:18,163.0,2,Lakefront Resorts,1,3.0,21,3.5,6.0,Lakefront Resorts,51,6,2,2021-02-23 00:00:00,1
91,tm-tour-305,Vitor,2,2021-02-03 20:46:00,178.0,2,Poseidon,1,4.0,20,3.0,7.0,Vitor,84,8,2,2021-02-03 00:00:00,1
92,tm-tour-163,Valley Trust (breakthrough),1,2021-02-03 20:46:00,179.0,2,Valley Trust (breakthrough),2,1.0,20,1.0,7.5,Valley Trust (breakthrough),90,8,2,2021-02-03 00:00:00,1
93,tm-tour-398,Tharsis_republic (breakthrough),2,2021-02-03 23:39:02,180.0,2,Helion (breakthrough),1,1.0,21,1.5,6.5,Tharsis_republic (breakthrough),65,7,2,2021-02-03 00:00:00,1
94,tm-tour-961,Inventrix (breakthrough),4,2021-02-03 23:39:02,181.0,2,Arcadian Communities (breakthrough),1,2.0,23,3.0,7.5,Arcadian Communities (breakthrough),70,8,2,2021-02-03 00:00:00,1
95,tour-701,MorningStar Inc (breakthrough),4,2021-02-04 20:54:24,184.0,2,MorningStar Inc (breakthrough),1,4.0,16,3.5,6.0,MorningStar Inc (breakthrough),74,8,2,2021-02-04 00:00:00,1
96,tour-518,MorningStar Inc (breakthrough),3,2021-02-09 00:08:15,205.0,2,MorningStar Inc (breakthrough),1,3.0,0,2.5,8.0,Tharsis_republic (breakthrough),79,8,2,2021-02-09 00:00:00,1
97,tour-234,Philares,1,2021-02-18 09:20:56,206.0,2,Factorum (breakthrough),1,3.0,9,2.0,8.0,Philares,95,8,2,2021-02-18 00:00:00,1
98,tour-496,Factorum (breakthrough),1,2021-02-04 22:51:10,192.0,2,Cheung Shing MARS,1,2.0,22,1.5,7.5,Factorum (breakthrough),85,7,2,2021-02-04 00:00:00,1
99,tm-tour-515,UNMI (breakthrough),2,2021-02-02 23:14:54,156.0,2,Point Luna,1,4.0,22,3.0,7.5,UNMI (breakthrough),88,8,2,2021-02-02 00:00:00,1
100,tour-222,Splice (breakthrough),1,2021-02-05 23:13:17,211.0,2,Splice (breakthrough),1,1.0,21,2.5,8.0,Splice (breakthrough),116,8,2,2021-02-05 00:00:00,1
101,tour-617,StormCraft Incorporated (breakthrough),1,2021-02-15 13:14:11,212.0,2,Aphrodite (breakthrough),1,2.0,13,1.5,7.5,StormCraft Incorporated (breakthrough),79,8,2,2021-02-15 00:00:00,1
102,tm-tour-846,Inventrix (breakthrough),4,2021-02-02 21:51:20,152.0,2,Inventrix (breakthrough),1,4.0,21,4.0,8.0,Poseidon,65,8,2,2021-02-02 00:00:00,1
103,tour-440,Inventrix (breakthrough),4,2021-02-15 13:14:11,213.0,2,Inventrix (breakthrough),1,4.0,13,3.0,7.5,Poseidon,64,7,2,2021-02-15 00:00:00,1
104,tour-21,Utopia Invest,4,2021-02-05 23:13:17,209.0,2,Tharsis_republic (breakthrough),1,1.0,21,2.5,8.0,Tharsis_republic (breakthrough),83,8,2,2021-02-05 00:00:00,1
105,tm-tour-136,Teractor (breakthrough),4,2021-02-02 23:14:54,154.0,2,Splice (breakthrough),1,3.0,20,3.5,7.5,Teractor (breakthrough),61,8,2,2021-02-02 00:00:00,1
106,tm-tour-583,Thorgate (breakthrough),2,2021-02-02 21:51:20,151.0,2,Cheung Shing MARS,1,3.0,21,2.5,8.5,Thorgate (breakthrough),85,8,2,2021-02-02 00:00:00,1
107,tour-640,Terralabs Research (breakthrough),2,2021-02-05 23:13:17,214.0,2,Inventrix (breakthrough),1,3.0,22,2.5,8.5,Terralabs Research (breakthrough),87,8,2,2021-02-05 00:00:00,1
108,ernest,PhoboLog,1,2021-02-08 00:01:33,226.0,2,PhoboLog,1,1.0,0,2.5,9.0,PhoboLog,101,10,2,2021-02-08 00:00:00,1
109,tm-tour-552,Manutech,3,2021-02-02 23:14:54,155.0,2,Manutech,1,3.0,21,2.0,8.5,Philares,88,9,2,2021-02-02 00:00:00,1
110,tour-715,Lakefront Resorts,1,2021-02-17 21:44:31,230.0,2,Helion (breakthrough),1,4.0,16,2.5,6.0,Lakefront Resorts,87,8,2,2021-02-17 00:00:00,1
111,tm-tour-470,Interplanetary Cinematics (breakthrough),4,2021-02-02 21:27:23,146.0,2,Interplanetary Cinematics (breakthrough),1,4.0,21,3.5,8.0,Interplanetary Cinematics (breakthrough),61,9,2,2021-02-02 00:00:00,1
112,Á¥´ËãëÂØ∫Êó†ËâØ,Cheung Shing MARS,1,2021-05-10 01:23:45,756.0,3,Cheung Shing MARS,1,1.0,1,1.6666666666666667,8.333333333333334,Cheung Shing MARS,94,9,3,2021-05-10 00:00:00,1
113,xu,Point Luna,2,2020-12-17 22:33:11,1099.0,3,Point Luna,2,1.5,13,1.6666666666666667,9.0,Point Luna,172,9,3,2020-12-17 00:00:00,1
114,tour-252,Celestic (breakthrough),4,2021-03-01 22:50:45,254.0,3,Aphrodite (breakthrough),1,2.0,20,2.3333333333333335,7.0,Splice (breakthrough),102,8,3,2021-03-01 00:00:00,1
115,franklinchan,Septem Tribus,1,2020-08-31 15:05:21,5.0,307,Manutech,23,2.347826086956522,23,2.270358306188925,7.762214983713355,Id Front,144,9,174,2021-07-17 00:00:00,4
116,hehe,Vitor,1,2021-05-03 13:31:41,923.0,3,Poseidon,1,1.0,13,1.6666666666666667,9.0,Vitor,114,9,3,2021-05-03 00:00:00,1
117,starry,Poseidon,2,2021-05-02 17:59:02,69.0,3,CrediCor,1,4.0,15,2.6666666666666665,7.666666666666667,CrediCor,71,8,3,2021-05-02 00:00:00,1
118,tour-367,Vitor,2,2021-02-23 20:40:43,250.0,3,Aphrodite (breakthrough),1,3.0,14,3.0,7.333333333333333,Aphrodite (breakthrough),79,8,3,2021-02-23 00:00:00,1
119,tour-238,Arklight (breakthrough),2,2021-02-10 21:45:27,161.0,3,Arklight (breakthrough),1,2.0,21,2.6666666666666665,7.333333333333333,Arklight (breakthrough),71,7,3,2021-02-10 00:00:00,1
120,tour-670,Teractor (breakthrough),3,2021-02-23 20:40:43,249.0,3,Splice (breakthrough),1,2.0,19,2.0,7.333333333333333,Vitor,92,8,3,2021-02-23 00:00:00,1
121,tour-554,Celestic (breakthrough),2,2021-02-04 20:54:24,183.0,3,Lakefront Resorts,2,2.5,17,2.3333333333333335,8.0,Lakefront Resorts,86,9,3,2021-02-04 00:00:00,1
122,tour-345,MorningStar Inc (breakthrough),2,2021-02-06 23:58:02,162.0,3,MorningStar Inc (breakthrough),1,2.0,14,2.6666666666666665,7.666666666666667,Philares,81,8,2,2021-05-10 00:00:00,2
123,flyingfish,Pobolog (breakthrough),2,2021-04-21 19:34:38,654.0,3,Mining guild (breakthrough),1,2.0,1,1.6666666666666667,9.0,Saturn Systems,92,10,3,2021-04-21 00:00:00,1
124,yddyqjd,Point Luna,3,2020-11-03 22:09:17,50.0,3,Cheung Shing MARS,1,2.0,22,2.6666666666666665,8.0,Philares,66,8,3,2020-11-03 00:00:00,1
125,tour-975,Point Luna,4,2021-02-10 21:45:27,168.0,3,Point Luna,2,2.5,20,3.0,7.333333333333333,Point Luna,93,8,3,2021-02-10 00:00:00,1
126,tour-418,Inventrix (breakthrough),2,2021-02-05 22:43:07,177.0,3,Helion (breakthrough),1,4.0,0,3.0,7.0,Inventrix (breakthrough),64,7,3,2021-02-05 00:00:00,1
127,ÂæΩÂ∞ë,Mining Guild,1,2020-10-20 23:52:59,48.0,3,Mining Guild,1,1.0,22,2.3333333333333335,8.666666666666666,Mining Guild,94,10,3,2020-10-20 00:00:00,1
128,howard514,Thorgate,1,2021-06-15 21:53:08,228.0,3,Saturn Systems,2,2.5,21,2.0,8.333333333333334,Saturn Systems and ,93,9,3,2021-06-15 00:00:00,1
129,Â∞Å‰∫ëÂè∞,Thorgate,4,2021-04-30 22:14:09,718.0,3,PhoboLog,1,1.0,0,2.0,10.666666666666666,Septem Tribus,100,11,3,2021-04-30 00:00:00,1
130,ËôéËôéËôé,Factorum (breakthrough),4,2020-11-01 22:54:10,43.0,3,Aphrodite (breakthrough),1,3.0,0,3.3333333333333335,8.333333333333334,Aphrodite (breakthrough),71,9,3,2020-11-01 00:00:00,1
131,ËÉ°ÂÆáÂΩ¨,Mining Guild,4,2021-06-14 16:35:14,983.0,3,Mining Guild,1,4.0,23,3.3333333333333335,8.666666666666666,Thorgate and ,53,9,2,2021-06-14 00:00:00,2
132,tour-561,Poseidon,1,2021-02-23 20:40:43,241.0,3,Philares,1,3.0,17,1.6666666666666667,7.0,Poseidon,84,8,3,2021-02-23 00:00:00,1
133,ËØ∑Âè´ÊàëÂ†áËÄÅÂ∏à,Saturn Systems,1,2021-05-06 23:57:00,745.0,3,Point Luna,1,1.0,1,1.3333333333333333,8.666666666666666,Saturn Systems,87,8,3,2021-05-06 00:00:00,1
134,183454241,Inventrix,2,2021-05-06 23:57:00,750.0,3,Inventrix,1,2.0,1,2.6666666666666665,8.666666666666666,Robinson Industries,80,9,3,2021-05-06 00:00:00,1
135,tour-204,Splice (breakthrough),1,2021-02-16 11:47:15,173.0,3,Splice (breakthrough),2,1.0,21,1.3333333333333333,7.0,Splice (breakthrough),81,7,3,2021-02-16 00:00:00,1
136,steamriki,Mining Guild,4,2021-05-06 23:57:00,754.0,3,Celestic,1,1.0,1,2.6666666666666665,8.666666666666666,Celestic,85,9,3,2021-05-06 00:00:00,1
137,black_uuz,United Nations Mission One,2,2021-05-01 22:27:26,229.0,3,Point Luna,1,1.0,22,1.6666666666666667,7.333333333333333,Point Luna,70,7,3,2021-05-01 00:00:00,1
138,Áå´Áå´,Point Luna,2,2021-05-05 01:33:53,1006.0,3,Aridor,1,4.0,0,3.3333333333333335,9.333333333333334,Point Luna,84,9,3,2021-05-05 00:00:00,1
139,Â∞è‰ºÅÈπÖ,MorningStar Inc (breakthrough),1,2021-07-05 20:40:56,66.0,3,CrediCor,2,2.0,0,1.6666666666666667,7.666666666666667,CrediCor and Chaos,106,9,3,2021-07-05 00:00:00,1
140,tour-509,Helion (breakthrough),3,2021-02-23 23:30:18,164.0,3,Helion (breakthrough),1,3.0,23,2.6666666666666665,7.666666666666667,Valley Trust (breakthrough),102,9,3,2021-02-23 00:00:00,1
141,ldxbr,Celestic (breakthrough),1,2021-05-10 00:22:16,452.0,3,Celestic (breakthrough),1,1.0,0,1.6666666666666667,8.0,Polyphemos (breakthrough),98,8,3,2021-05-10 00:00:00,1
142,psycho,Mining Guild,3,2021-06-29 21:07:30,1080.0,3,Mining Guild,1,3.0,1,1.6666666666666667,10.666666666666666,Teractor and ,127,12,3,2021-06-29 00:00:00,1
143,tour-3,Saturn Systems,1,2021-02-05 22:43:07,194.0,3,Aphrodite (breakthrough),1,1.0,19,1.0,7.0,Vitor,93,8,3,2021-02-05 00:00:00,1
144,michaelis200,MorningStar Inc (breakthrough),2,2021-06-11 01:16:58,899.0,3,MorningStar Inc (breakthrough),1,2.0,0,2.3333333333333335,8.333333333333334,MorningStar Inc (breakthrough) and ,105,9,3,2021-06-11 00:00:00,1
145,tour-123,Thorgate (breakthrough),3,2021-02-05 14:03:36,196.0,3,Mining guild (breakthrough),1,3.0,14,3.3333333333333335,7.666666666666667,Mining guild (breakthrough),72,8,3,2021-02-05 00:00:00,1
146,r6y1717,Poseidon,1,2021-05-17 02:44:30,827.0,3,Celestic,1,4.0,2,3.0,10.0,Poseidon,119,10,3,2021-05-17 00:00:00,1
147,tour-428,Tharsis_republic (breakthrough),4,2021-02-09 00:08:15,202.0,3,Arklight (breakthrough),1,4.0,0,3.0,8.0,Manutech,132,9,3,2021-02-09 00:00:00,1
148,tour-449,Arklight (breakthrough),2,2021-02-15 13:14:11,208.0,3,Arklight (breakthrough),1,2.0,13,2.3333333333333335,7.333333333333333,Arklight (breakthrough),75,8,3,2021-02-15 00:00:00,1
149,ÁâßÊÆá,MorningStar Inc (breakthrough),4,2021-04-30 23:30:29,297.0,3,Id Front,1,4.0,16,3.0,8.333333333333334,Id Front,88,8,3,2021-04-30 00:00:00,1
150,tm-tour-19,Philares,3,2021-02-05 11:16:21,140.0,3,Aphrodite (breakthrough),1,2.0,11,2.3333333333333335,7.0,Factorum (breakthrough),80,8,3,2021-02-05 00:00:00,1
151,tm-tour-426,Point Luna,4,2021-02-05 11:16:21,139.0,3,Point Luna,2,2.5,22,2.3333333333333335,7.0,Point Luna,122,7,3,2021-02-05 00:00:00,1
152,1962142767,Point Luna,4,2021-07-08 18:47:59,1132.0,4,Incite Ender,1,4.0,14,4.0,7.0,Pobolog (breakthrough) and Curiosity II,75,7,4,2021-07-08 00:00:00,1
153,jd,Tharsis Republic,2,2020-11-29 23:54:23,85.0,4,Inventrix (breakthrough),1,3.0,23,2.5,9.75,Thorgate (breakthrough),114,10,4,2020-11-29 00:00:00,1
154,bulez00,Helion,2,2021-06-29 21:07:30,1079.0,4,Helion,2,2.5,1,2.0,10.5,Helion and ,87,12,4,2021-06-29 00:00:00,1
155,naixin,Teractor,4,2021-03-27 12:52:23,41.0,4,Factorum,1,2.0,20,2.5,8.25,Factorum,80,9,3,2021-03-27 00:00:00,2
156,biaodi,Factorum,3,2021-03-27 12:52:23,421.0,4,Tharsis Republic,2,2.0,20,2.5,8.25,Saturn Systems,70,9,3,2021-03-27 00:00:00,2
157,ddd,Vitor,3,2020-12-05 23:59:27,37.0,4,Inventrix,1,2.0,23,2.75,9.25,Teractor,81,10,3,2020-12-05 00:00:00,2
158,cloream,Saturn Systems,2,2020-10-20 23:52:59,47.0,4,Factorum,1,4.0,22,2.5,8.5,Saturn Systems,78,10,4,2020-10-20 00:00:00,1
159,sanduo,Saturn Systems,1,2021-03-27 12:52:23,360.0,4,Pharmacy Union,1,2.0,20,2.25,8.25,Valley Trust,71,9,3,2021-03-27 00:00:00,2
160,1609884203,Aristarchus,2,2021-06-11 18:23:24,811.0,4,Aristarchus,1,2.0,18,2.0,7.5,UNMI (breakthrough) and Ecoline (breakthrough),75,7,4,2021-06-11 00:00:00,1
161,Êü¥ÈÉ°Áå´,Mining guild (breakthrough),1,2021-06-17 22:09:19,964.0,4,Mining guild (breakthrough),2,2.5,1,2.75,6.0,Mining guild (breakthrough) and Tharsis_republic (breakthrough),65,6,4,2021-06-17 00:00:00,1
162,tm-tour-694,StormCraft Incorporated (breakthrough),3,2021-02-01 23:09:45,145.0,4,Curiosity II,1,1.0,18,2.75,7.25,Curiosity II,71,8,4,2021-02-01 00:00:00,1
163,tour-710,Thorgate (breakthrough),1,2021-02-09 00:08:15,203.0,4,Aphrodite (breakthrough),1,1.0,0,1.75,6.5,Lakefront Resorts,79,7,4,2021-02-09 00:00:00,1
164,Êó†ÂêçÁöÑÈ∏ΩÂ≠ê,Philares,4,2021-02-18 20:04:04,273.0,4,Lakefront Resorts,1,2.0,16,3.5,9.0,Terralabs Research (breakthrough),82,10,3,2021-02-21 00:00:00,2
165,van,Interplanetary Cinematics,4,2020-10-30 00:19:47,80.0,4,Factorum,1,4.0,23,3.5,9.25,Point Luna,92,10,4,2020-10-30 00:00:00,1
166,silkroad,Saturn Systems,4,2021-06-13 20:14:57,963.0,5,Aridor,2,2.5,0,2.8,8.4,Aridor and MorningStar Inc (breakthrough),130,10,5,2021-06-13 00:00:00,1
167,‰∏çÊ≥ØÁêÜÂøµ,Celestic (breakthrough),4,2021-01-01 21:37:01,112.0,5,Celestic (breakthrough),1,4.0,1,3.2,7.6,Saturn Systems,89,8,5,2021-01-01 00:00:00,1
168,wu,United Nations Mars Initiative,3,2021-02-25 22:11:09,975.0,5,United Nations Mars Initiative,2,2.5,22,1.6,10.0,Valley Trust,96,10,5,2021-02-25 00:00:00,1
169,tm-tour-630,Saturn Systems,4,2021-02-03 20:46:00,182.0,5,Poseidon,2,4.0,20,3.2,7.0,Splice (breakthrough),119,7,5,2021-02-03 00:00:00,1
170,Ë∞¢ÂõΩÊòü,Lakefront Resorts,4,2021-07-04 21:04:21,1084.0,5,Inventrix,1,2.0,23,2.6,9.6,Project Workshop and ,151,11,5,2021-07-04 00:00:00,1
171,zbj,PhoboLog,2,2021-04-20 00:34:19,649.0,6,Inventrix,3,2.6666666666666665,0,2.1666666666666665,9.5,Inventrix,85,10,5,2021-05-08 00:00:00,2
172,È¢úÂøóÁÇ´,Recyclon,4,2021-04-30 23:28:33,650.0,6,Teractor (breakthrough),2,1.5,0,2.6666666666666665,9.0,Teractor (breakthrough),107,9,6,2021-04-30 00:00:00,1
173,faywei,Poseidon,3,2020-10-31 02:54:54,74.0,6,Inventrix (breakthrough),1,4.0,15,3.3333333333333335,7.666666666666667,Poseidon,72,8,6,2020-10-31 00:00:00,1
174,ÁéãÂ≠ê,Vitor,2,2021-03-31 17:46:15,1009.0,6,PhoboLog,2,3.0,0,1.8333333333333333,9.166666666666666,Valley Trust,149,10,5,2021-05-16 00:00:00,2
175,ÊÄùÈîê,Pharmacy Union,4,2020-11-10 15:38:12,708.0,6,Aphrodite (breakthrough),1,2.0,0,2.8333333333333335,7.166666666666667,Point Luna,100,9,6,2020-11-10 00:00:00,1
176,jrj,Thorgate,2,2021-02-10 21:19:45,303.0,6,Arklight,1,4.0,17,2.5,8.5,Point Luna,100,10,6,2021-02-10 00:00:00,1
177,joe,Pharmacy Union,1,2021-06-21 23:43:42,1030.0,7,UNMI (breakthrough),2,1.5,23,1.7142857142857142,8.0,Pharmacy Union and ,112,9,6,2021-06-22 00:00:00,2
178,ÊôìÈªë,Point Luna,4,2020-12-03 00:12:36,115.0,7,Astrodrill,2,4.0,0,3.4285714285714284,7.857142857142857,Manutech,82,8,7,2020-12-03 00:00:00,1
179,automuen,Tharsis Republic,1,2021-01-04 18:55:50,92.0,7,Manutech,2,3.0,1,2.5714285714285716,10.0,Tharsis Republic,90,10,7,2021-01-04 00:00:00,1
180,ÂÜ≤Èîã,Poseidon,1,2020-12-05 23:59:26,14.0,7,Poseidon,3,1.3333333333333333,23,1.5714285714285714,9.142857142857142,Pristar,100,10,1,2020-12-05 00:00:00,7
181,quill,Pobolog (breakthrough),4,2021-04-16 17:43:36,458.0,7,Factorum (breakthrough),2,3.0,0,2.857142857142857,7.0,Tharsis_republic (breakthrough),81,8,7,2021-04-16 00:00:00,1
182,È≠èËâØ,Factorum,1,2021-06-25 17:41:21,933.0,7,Point Luna,2,2.5,23,2.142857142857143,8.142857142857142,Viron and Cheung Shing MARS,100,9,7,2021-06-25 00:00:00,1
183,zk2910889,CrediCor,4,2021-03-17 00:22:28,396.0,7,Helion (breakthrough),3,3.6666666666666665,22,3.142857142857143,7.571428571428571,Helion (breakthrough),74,8,6,2021-03-19 00:00:00,2
184,fklmgj,Helion,3,2021-01-04 18:55:50,63.0,7,Point Luna,2,2.5,0,2.142857142857143,9.857142857142858,PhoboLog,157,13,7,2021-01-04 00:00:00,1
185,mosquito,Cheung Shing MARS,3,2020-11-21 21:40:59,77.0,113,Poseidon,7,3.0,13,2.433628318584071,7.876106194690266,Splice (breakthrough),111,11,86,2021-01-03 00:00:00,3
186,ÂÜ∞Á∫¢Ëå∂ÁúüÂ•ΩÂñù,Mining Guild,4,2021-01-04 18:55:50,90.0,7,Celestic,1,2.0,0,2.857142857142857,9.857142857142858,Celestic,98,13,7,2021-01-04 00:00:00,1
187,zyd,Helion,1,2021-04-20 00:34:19,814.0,7,EcoLine,1,1.0,0,1.5714285714285714,9.285714285714286,Robinson Industries,90,10,6,2021-05-08 00:00:00,2
188,tsukikage,Arcadian Communities,1,2021-04-20 19:06:39,632.0,7,Thorgate (breakthrough),2,3.5,1,3.0,8.571428571428571,Arcadian Communities,81,10,6,2021-05-04 00:00:00,2
189,wjyÂê¥Êâç,Teractor (breakthrough),4,2021-05-15 22:29:10,284.0,8,Pobolog (breakthrough),2,3.0,16,2.125,9.0,Point Luna,117,9,8,2021-05-15 00:00:00,1
190,wenxionglam,MorningStar Inc (breakthrough),4,2021-05-03 19:35:18,510.0,8,Poseidon,2,3.5,18,2.75,8.25,Poseidon,108,10,8,2021-05-03 00:00:00,1
191,Êù≠Áùø,Arklight,2,2021-01-04 18:55:50,102.0,8,Arklight,1,2.0,0,2.875,9.75,Stormcraft Incorporated,85,13,8,2021-01-04 00:00:00,1
192,489326240,Helion,4,2021-07-03 17:50:06,985.0,8,Pobolog (breakthrough),2,2.5,23,3.375,9.875,Factorum (breakthrough) and ,95,11,8,2021-07-03 00:00:00,1
193,apex,Pobolog (breakthrough),4,2021-05-15 01:46:27,810.0,8,Point Luna,2,1.5,0,2.25,7.875,Pharmacy Union,90,8,8,2021-05-15 00:00:00,1
194,Â∫ÑÂ≠ê,Valley Trust,4,2020-12-05 23:59:27,118.0,8,Teractor (breakthrough),3,3.3333333333333335,16,3.0,8.125,Teractor (breakthrough),120,8,7,2020-12-05 00:00:00,2
195,üê¥ r,Philares,4,2021-04-06 21:46:37,612.0,9,Poseidon,2,1.5,12,2.111111111111111,8.555555555555555,Manutech,158,10,8,2021-05-23 00:00:00,2
196,ÂîØÊÖï,Teractor,3,2021-04-15 21:20:06,1056.0,13,Poseidon,2,2.5,21,2.5384615384615383,8.307692307692308,CrediCor,105,10,11,2021-05-10 00:00:00,2
197,ÂèåÂ≠ê,Valley Trust,1,2021-05-31 02:00:35,901.0,8,Mining Guild,2,3.0,2,2.5,9.625,Manutech,138,9,7,2021-06-01 00:00:00,2
198,ËÄÅÈÇ±,WG Parternship,3,2021-03-26 23:22:00,538.0,8,Ecoline (breakthrough),2,2.5,13,2.875,8.0,Ecoline (breakthrough),108,9,7,2021-04-19 00:00:00,2
199,È∏ΩÂ≠ê,Celestic,4,2021-02-19 02:48:50,282.0,8,Celestic,1,4.0,16,2.875,7.25,UNMI (breakthrough),91,8,7,2021-02-22 00:00:00,2
200,toutou,Thorgate (breakthrough),3,2021-04-26 01:44:11,675.0,8,Inventrix (breakthrough),1,1.0,1,2.25,7.75,Inventrix (breakthrough),106,9,5,2021-04-26 00:00:00,3
201,Âº†ËÄÄ‰∏ú,PhoboLog,1,2021-04-30 23:28:33,839.0,9,Ecoline (breakthrough),2,1.0,0,1.8888888888888888,8.222222222222221,Point Luna,148,9,9,2021-04-30 00:00:00,1
202,gxz,Tharsis Republic,1,2021-05-23 23:20:18,867.0,9,Aridor,1,1.0,23,2.2222222222222223,9.0,Teractor (breakthrough),154,9,9,2021-05-23 00:00:00,1
203,joker,Pobolog (breakthrough),4,2021-05-24 16:21:16,953.0,9,Poseidon,2,4.0,14,3.6666666666666665,7.333333333333333,Lakefront Resorts,77,9,8,2021-05-31 00:00:00,2
204,ÈòøÁãóÈîÑÂ§ßÂú∞,Robinson Industries (breakthrough),1,2021-05-15 13:41:54,101.0,9,Point Luna,2,3.0,12,2.5555555555555554,7.888888888888889,Brotherhood of Mutants,100,6,8,2021-05-24 00:00:00,2
205,üçÅ,United Nations Mars Initiative,3,2021-04-06 21:46:37,1109.0,2,United Nations Mars Initiative,2,3.0,21,3.0,10.5,United Nations Mars Initiative,84,11,2,2021-04-06 00:00:00,1
206,Â∞èÈü≥,Poseidon,4,2021-05-31 02:00:35,908.0,10,Chaos,1,1.0,0,1.6,9.6,Thorgate,114,12,9,2021-06-01 00:00:00,2
207,ghsap,MorningStar Inc (breakthrough),2,2021-06-11 02:21:03,919.0,10,Tharsis_republic (breakthrough),2,2.5,0,2.0,8.2,Point Luna and Robinson Industries (breakthrough),146,8,9,2021-07-02 00:00:00,2
208,ÂÜ¨Â§ú‰∏∂,Celestic (breakthrough),4,2021-02-05 22:34:58,221.0,10,Arcadian Communities (breakthrough),1,2.0,22,3.4,8.4,Thorgate (breakthrough),116,10,9,2021-02-21 00:00:00,2
209,tamaki,Inventrix (breakthrough),2,2021-04-30 13:15:23,356.0,10,Terralabs Research (breakthrough),2,3.0,14,2.4,7.7,Celestic (breakthrough),142,10,8,2021-05-07 00:00:00,2
210,bluelingb,Pharmacy Union,4,2021-05-02 00:24:34,130.0,11,Ecoline (breakthrough),2,3.0,0,3.4545454545454546,8.090909090909092,Ecoline (breakthrough),90,9,11,2021-05-02 00:00:00,1
211,zzx,United Nations Mars Initiative,1,2021-02-10 21:19:45,590.0,12,Ecoline (breakthrough),2,2.5,16,2.6666666666666665,7.75,Helion,81,10,12,2021-02-10 00:00:00,1
212,‰∏ÄÁÅØ,Recyclon (breakthrough),4,2021-03-01 17:34:58,275.0,12,Id Front,2,3.0,16,2.9166666666666665,8.416666666666666,Point Luna,93,9,12,2021-03-01 00:00:00,1
213,jack,Factorum,2,2021-02-28 15:00:04,996.0,12,Celestic (breakthrough),1,4.0,14,2.1666666666666665,8.916666666666666,Robinson Industries,99,10,12,2021-02-28 00:00:00,1
214,Â§©‰Ωø,Viron (breakthrough),2,2020-11-22 00:10:42,9.0,12,Lakefront Resorts,2,2.5,23,2.0,6.583333333333333,Point Luna,88,7,11,2021-07-22 00:00:00,2
215,Â∞è‰∫îÁæä,Inventrix,3,2020-12-14 15:49:45,114.0,12,Saturn Systems,3,2.0,22,2.25,7.833333333333333,Manutech,120,8,12,2020-12-14 00:00:00,1
216,ÊÑüËßâÊó†Âèå,Pobolog (breakthrough),4,2021-03-04 21:07:56,285.0,12,Pobolog (breakthrough),3,3.6666666666666665,21,3.5833333333333335,8.416666666666666,Saturn Systems,82,9,11,2021-04-06 00:00:00,2
217,misaki,Pharmacy Union,4,2020-08-31 15:05:21,4.0,418,Mining guild (breakthrough),32,1.96875,23,2.0526315789473686,7.880382775119617,Point Luna,138,10,193,2021-03-21 00:00:00,5
218,daxinge,Astrodrill,2,2021-04-20 19:06:39,646.0,12,Astrodrill,2,2.5,16,2.5,8.25,Teractor (breakthrough),102,9,11,2021-05-12 00:00:00,2
219,haha,Point Luna,3,2021-05-05 02:12:02,412.0,12,Valley Trust (breakthrough),3,3.6666666666666665,17,3.1666666666666665,7.583333333333333,Saturn Systems,124,8,11,2021-05-23 00:00:00,2
220,Êú®Á§∫,Valley Trust (breakthrough),3,2021-03-10 23:19:03,567.0,12,Point Luna,2,2.5,23,3.0833333333333335,8.333333333333334,Robinson Industries (breakthrough),135,10,9,2021-06-24 00:00:00,3
221,Èõ™Ê´ª,Poseidon,3,2021-05-23 23:49:04,841.0,12,Trade Navigator,2,3.0,23,2.6666666666666665,6.916666666666667,Brotherhood of Mutants,102,7,9,2021-07-01 00:00:00,3
222,qfy,Helion,3,2021-02-10 21:19:45,260.0,12,Point Luna,2,3.0,16,2.6666666666666665,8.083333333333334,Celestic,87,10,12,2021-02-10 00:00:00,1
223,17826818782,CrediCor,1,2021-06-14 16:35:14,941.0,13,UNMI (breakthrough),2,2.0,23,2.0,9.692307692307692,Celestic (breakthrough) and ,114,11,12,2021-07-03 00:00:00,2
224,ÊéåÊüúÁöÑÊù•‰∫Ü,CrediCor,3,2021-06-24 22:20:26,987.0,13,Morning Star Inc.,2,1.0,23,1.6153846153846154,9.846153846153847,Celestic and ,115,12,12,2021-07-03 00:00:00,2
225,2397541142,Teractor,3,2021-06-14 16:35:14,942.0,14,Mining Guild,2,2.5,23,2.9285714285714284,9.642857142857142,Mining Guild and ,104,12,13,2021-07-03 00:00:00,2
226,827717358,Saturn Systems,3,2021-05-31 16:14:28,862.0,14,Septem Tribus,2,1.5,12,2.9285714285714284,7.142857142857143,Aristarchus,140,9,11,2021-06-17 00:00:00,3
227,ÈªÑÈ∏°,Poseidon,3,2020-08-31 15:05:21,33.0,30,Manutech,4,2.25,23,2.4,8.0,Valley Trust (breakthrough),124,7,8,2020-08-31 00:00:00,7
228,‰πùÊñπË†°,Terralabs Research (breakthrough),4,2021-03-09 22:42:51,261.0,83,Mining guild (breakthrough),5,1.4,23,2.4096385542168677,7.662650602409639,Inventrix (breakthrough),136,9,54,2021-03-17 00:00:00,3
229,ÁëûÂá§,Valley Trust (breakthrough),2,2020-11-28 01:02:40,224.0,16,Point Luna,4,2.75,23,3.0625,9.0,Valley Trust (breakthrough),120,10,7,2021-02-21 00:00:00,2
230,catcher1234,Inventrix (breakthrough),3,2021-04-29 17:42:04,681.0,73,Id Front,9,2.4444444444444446,0,3.1095890410958904,6.876712328767123,Tharsis_republic (breakthrough),152,9,49,2021-07-17 00:00:00,3
231,,,,,,,,,,,,,,,,,,
232,wms,Mining Guild,3,2021-04-20 00:34:19,642.0,16,Pobolog (breakthrough),2,3.0,0,2.9375,8.6875,Ecoline (breakthrough),89,9,14,2021-05-08 00:00:00,2
233,amadeus,Point Luna,4,2021-07-11 22:05:43,1108.0,16,Point Luna,2,4.0,22,3.25,6.375,Utopia Invest and UNMI (breakthrough),77,7,10,2021-07-15 00:00:00,3
234,ÂêüÊ∏∏ËØó‰∫∫,Recyclon (breakthrough),3,2021-03-09 21:41:21,357.0,39,Point Luna,3,4.0,13,2.58974358974359,7.948717948717949,StormCraft Incorporated (breakthrough),119,10,27,2021-04-13 00:00:00,3
235,tanwu2000,Tharsis_republic (breakthrough),4,2021-05-05 02:12:02,614.0,18,Arklight (breakthrough),3,3.3333333333333335,17,2.8333333333333335,7.777777777777778,Trade Navigator,120,8,16,2021-05-23 00:00:00,2
236,jequirity,EcoLine,2,2020-12-19 17:57:12,287.0,18,Tharsis Republic,3,1.6666666666666667,21,2.5,8.333333333333334,Poseidon,108,9,15,2021-02-26 00:00:00,3
237,12345,Robinson Industries (breakthrough),4,2021-02-23 14:04:50,132.0,19,Celestic (breakthrough),3,2.3333333333333335,15,2.6315789473684212,8.368421052631579,Valley Trust (breakthrough),140,8,16,2021-03-24 00:00:00,2
238,Ê∑±Êµ∑ÁöÑËææ‰∏çÊ∫ú,Saturn Systems,1,2021-05-29 03:00:41,859.0,20,Inventrix (breakthrough),3,4.0,0,2.95,8.4,Teractor (breakthrough),109,9,13,2021-05-29 00:00:00,3
239,Ê∞¥È¨º,Inventrix (breakthrough),3,2020-11-11 23:36:53,222.0,21,Poseidon,3,2.3333333333333335,23,2.857142857142857,8.285714285714286,Point Luna,121,10,18,2020-12-05 00:00:00,4
240,Êó†ÊÉÖÁöÑÂëΩËøê,Pobolog (breakthrough),1,2021-03-17 23:37:30,436.0,23,Poseidon,3,2.0,0,2.391304347826087,8.043478260869565,Valley Trust (breakthrough),121,10,21,2021-05-02 00:00:00,2
241,ÂõæÊãâÂ•ó,Point Luna,2,2020-10-19 21:33:34,3.0,23,Inventrix (breakthrough),4,1.75,23,1.7826086956521738,8.73913043478261,Poseidon,143,10,20,2020-12-05 00:00:00,3
242,Âï¶Âï¶Âï¶,Inventrix (breakthrough),4,2021-05-28 17:34:56,876.0,24,Thorgate (breakthrough),5,3.8,22,3.1666666666666665,7.916666666666667,StormCraft Incorporated (breakthrough),105,9,21,2021-06-15 00:00:00,2
243,nafarian,Agricola Inc,2,2021-06-20 20:54:26,1061.0,25,Trade Navigator,2,3.0,22,3.08,6.84,Trade Navigator and Tharsis_republic (breakthrough),106,8,21,2021-07-23 00:00:00,2
244,kino,Point Luna,4,2020-08-31 15:05:21,1.0,25,Point Luna,4,2.0,23,1.88,8.8,Inventrix (breakthrough),184,12,8,2020-08-31 00:00:00,1
245,wee0815,Point Luna,1,2021-04-13 20:12:31,395.0,25,Philares,3,1.3333333333333333,17,2.0,7.76,Polyphemos,116,10,22,2021-05-20 00:00:00,2
246,Â∫ÑÁîü,StormCraft Incorporated (breakthrough),2,2020-10-27 17:59:20,18.0,26,Inventrix (breakthrough),3,2.3333333333333335,23,2.5384615384615383,8.961538461538462,Point Luna,129,10,4,2020-10-27 00:00:00,1
247,aipotu,Helion,3,2021-04-20 19:06:39,651.0,26,Ecoline (breakthrough),2,1.5,4,2.269230769230769,8.0,Pristar,145,11,19,2021-05-18 00:00:00,3
248,Ê°ÉÂ≠ê,Manutech,4,2020-12-05 23:59:29,767.0,27,Manutech,3,3.6666666666666665,0,2.888888888888889,8.0,Chaos,125,8,26,2021-05-05 00:00:00,2
249,ËÄÅÁéã,Teractor (breakthrough),1,2020-08-31 15:05:21,1199.0,28,Vitor,3,1.6666666666666667,23,2.3214285714285716,8.714285714285714,Stormcraft Incorporated,124,11,22,2020-12-05 00:00:00,7
250,ÊãâÊôÆÊãâÊñØ,Factorum,4,2021-03-28 21:28:20,514.0,29,Point Luna,3,2.0,22,3.3793103448275863,8.03448275862069,Point Luna,134,10,27,2021-07-01 00:00:00,2
251,sayeah,Manutech,3,2021-07-11 19:08:10,1101.0,29,Lakefront Resorts,3,3.0,17,3.0344827586206895,6.655172413793103,Poseidon and ,125,8,12,2021-07-18 00:00:00,4
252,Âê¨È£éËÅÜÈõ®,Valley Trust (breakthrough),3,2021-03-17 23:37:30,449.0,29,Poseidon,4,3.0,23,3.0,8.0,Pobolog (breakthrough),118,9,25,2021-06-18 00:00:00,2
253,starwolf,StormCraft Incorporated (breakthrough),4,2021-05-04 23:59:04,269.0,32,Inventrix (breakthrough),4,3.5,13,3.625,7.34375,Splice (breakthrough),124,9,26,2021-06-15 00:00:00,3
254,Á´•ËØù,Point Luna,3,2021-03-23 23:56:24,76.0,33,Aridor,3,2.6666666666666665,13,3.3636363636363638,8.181818181818182,Vitor,111,10,27,2021-03-26 00:00:00,2
255,owl,Vitor,3,2020-08-31 15:05:21,16.0,34,Point Luna,4,2.25,0,2.3529411764705883,8.382352941176471,Aristarchus,132,9,31,2021-05-17 00:00:00,2
256,00,Cheung Shing MARS,4,2021-05-10 23:41:27,836.0,35,Mining guild (breakthrough),3,2.3333333333333335,4,3.2,7.742857142857143,Mining guild (breakthrough),116,9,24,2021-05-16 00:00:00,4
257,Â∞èÈªë,Pobolog (breakthrough),3,2020-10-06 23:53:49,91.0,36,Poseidon,4,3.0,23,2.611111111111111,8.472222222222221,Manutech,137,10,22,2021-02-22 00:00:00,2
258,Â∞èz,Aridor,4,2020-08-31 15:05:21,70.0,37,Poseidon,4,2.0,21,2.081081081081081,8.108108108108109,Point Luna,174,9,32,2020-10-23 00:00:00,2
259,cl,Valley Trust,3,2020-08-31 15:05:21,1060.0,39,Valley Trust,4,2.5,23,2.282051282051282,9.307692307692308,Terralabs Research,118,11,34,2020-08-31 00:00:00,3
260,È£ûÈ±º,Labour Union,1,2021-05-10 15:41:43,794.0,40,Mining guild (breakthrough),4,1.75,0,2.55,7.875,Pobolog (breakthrough),113,9,19,2021-05-14 00:00:00,5
261,aptx4869,Thorgate (breakthrough),2,2021-03-17 23:37:30,726.0,41,Poseidon,4,2.0,23,2.341463414634146,7.853658536585366,Septem Tribus,129,10,36,2021-05-27 00:00:00,2
262,ÊñáÁîü,Lakefront Resorts,1,2020-10-06 17:10:48,7.0,41,Valley Trust (breakthrough),4,1.75,23,1.6341463414634145,8.097560975609756,Valley Trust (breakthrough),168,11,33,2020-12-05 00:00:00,6
263,ÊñπËä≥,Poseidon,4,2020-08-31 15:05:21,46.0,43,Poseidon,6,2.6666666666666665,13,2.2325581395348837,8.046511627906977,Vitor,153,11,37,2020-11-24 00:00:00,2
264,È∫íÈ∫ü,Inventrix (breakthrough),3,2021-04-07 22:28:39,478.0,43,Manutech,6,2.6666666666666665,22,2.697674418604651,8.069767441860465,Point Luna,120,10,32,2021-04-19 00:00:00,3
265,È£éÈ£é,Pobolog (breakthrough),4,2021-01-12 23:22:03,109.0,44,Vitor,7,2.2857142857142856,21,2.0,8.0,Vitor,193,10,42,2021-04-07 00:00:00,3
266,‰Ω†Â•Ω,Celestic (breakthrough),3,2021-01-07 01:24:25,290.0,45,UNMI (breakthrough),6,2.5,14,2.5555555555555554,7.8,Saturn Systems,128,9,30,2021-01-11 00:00:00,4
267,jooe,Pharmacy Union,2,2021-04-19 22:57:42,647.0,45,Point Luna,6,3.0,19,2.4444444444444446,8.133333333333333,Polyphemos (breakthrough),118,10,33,2021-05-14 00:00:00,2
268,ÂõßÂõßÊâì‰∫∫,Aridor,1,2021-02-20 16:14:40,295.0,161,UNMI (breakthrough),10,1.7,13,1.9937888198757765,7.22360248447205,Arklight (breakthrough),153,9,115,2021-05-14 00:00:00,3
269,yukikaze,Chaos,4,2021-04-24 12:33:53,641.0,73,Manutech,6,1.8333333333333333,0,2.191780821917808,7.684931506849315,Vitor,148,10,51,2021-05-06 00:00:00,4
270,Á±≥È•≠,Point Luna,1,2020-08-31 15:05:21,26.0,48,Point Luna,9,2.4444444444444446,23,2.7708333333333335,8.375,Valley Trust (breakthrough),136,10,11,2020-09-10 00:00:00,2
271,xixo,Point Luna,1,2021-03-26 13:41:06,483.0,50,Pobolog (breakthrough),6,1.6666666666666667,13,1.88,8.02,Manutech,124,10,43,2021-04-21 00:00:00,2
272,Ê∞∏Ëøú,Helion (breakthrough),4,2021-03-17 23:37:30,58.0,53,MorningStar Inc (breakthrough),6,3.0,23,2.6792452830188678,7.943396226415095,Inventrix (breakthrough),127,10,38,2021-03-23 00:00:00,3
273,Ê©ôÂ≠ê,Inventrix (breakthrough),3,2020-08-31 15:05:21,19.0,54,Teractor (breakthrough),8,2.75,23,3.1666666666666665,8.648148148148149,Philares,112,10,8,2020-09-10 00:00:00,1
274,something,Thorgate (breakthrough),1,2020-08-31 15:05:21,10.0,74,Septem Tribus,7,3.142857142857143,23,3.027027027027027,8.378378378378379,Playwrights,132,10,21,2020-08-31 00:00:00,7
275,Â∞èÈ∫¶,Pharmacy Union,2,2020-11-06 18:00:38,702.0,193,Point Luna,11,2.6363636363636362,13,2.518134715025907,7.5025906735751295,Manutech,148,7,127,2021-05-31 00:00:00,4
276,huasong,Viron (breakthrough),3,2020-11-08 20:44:42,99.0,89,Inventrix (breakthrough),8,2.625,0,2.741573033707865,7.685393258426966,Septem Tribus,131,10,69,2020-12-12 00:00:00,4
277,‰∫åÁæä,Teractor (breakthrough),3,2020-08-31 15:05:21,79.0,68,Celestic (breakthrough),5,2.0,23,2.264705882352941,8.220588235294118,Vitor,126,10,13,2020-09-09 00:00:00,2
278,‰πêÂ§ö,Inventrix (breakthrough),2,2020-10-05 23:24:11,81.0,74,Point Luna,5,1.8,0,2.4324324324324325,8.0,Teractor (breakthrough),114,9,49,2020-10-06 00:00:00,3
279,ÂåÜÂåÜ,Factorum (breakthrough),4,2020-11-07 13:45:03,131.0,78,Point Luna,8,1.75,23,2.5128205128205128,8.179487179487179,Terralabs Research (breakthrough),220,13,46,2020-11-08 00:00:00,3
280,‰∏ÄÁõ¥,Valley Trust (breakthrough),2,2020-08-31 15:05:21,20.0,79,StormCraft Incorporated (breakthrough),9,2.3333333333333335,23,2.6835443037974684,8.291139240506329,Aphrodite (breakthrough),128,10,35,2020-08-31 00:00:00,6
281,ÁÇπÁÇπ,Philares,2,2021-03-23 23:56:24,485.0,82,Point Luna,8,2.75,22,2.658536585365854,8.036585365853659,Pobolog (breakthrough),128,9,64,2021-03-26 00:00:00,3
282,ryan,Point Luna,2,2020-08-31 15:05:21,55.0,124,Point Luna,16,1.9375,23,2.411290322580645,8.25,Point Luna,155,10,70,2021-05-13 00:00:00,3
283,Ê≥∞‰ºØ,Factorum (breakthrough),4,2021-01-08 00:34:34,281.0,119,Point Luna,10,2.7,23,2.5714285714285716,8.025210084033613,UNMI (breakthrough),163,10,60,2021-01-08 00:00:00,4
284,dwb,Factorum,4,2021-04-20 19:06:39,653.0,90,Manutech,5,2.2,19,2.533333333333333,7.588888888888889,Aristarchus,144,10,39,2021-05-08 00:00:00,5
285,ddxy,Point Luna,3,2020-08-31 15:05:21,135.0,170,Point Luna,14,2.642857142857143,23,2.3294117647058825,7.5058823529411764,Chaos,137,8,102,2021-03-18 00:00:00,5
286,Ë•øÁìú,Mining guild (breakthrough),4,2020-08-31 15:05:21,781.0,98,Manutech,14,2.0714285714285716,23,2.010204081632653,8.071428571428571,Manutech,154,9,45,2021-05-11 00:00:00,3
287,ender,Poseidon,4,2020-08-31 15:05:21,2.0,157,Manutech,11,1.6363636363636365,23,1.7707006369426752,7.471337579617835,Point Luna,151,9,92,2021-04-13 00:00:00,2
288,Â•∂Áâõ,Celestic (breakthrough),4,2020-11-11 23:36:53,83.0,168,Manutech,10,2.6,23,2.5654761904761907,7.5773809523809526,Celestic (breakthrough),123,8,105,2021-04-04 00:00:00,6
289,ÈòøÂ∞î,UNMI (breakthrough),3,2021-02-25 17:35:16,294.0,159,Point Luna,14,2.5714285714285716,18,2.452830188679245,7.408805031446541,Terralabs Research (breakthrough),147,8,90,2021-03-23 00:00:00,4
290,Êó†ËØ≠,Teractor (breakthrough),2,2020-08-31 15:05:21,21.0,176,Point Luna,21,2.238095238095238,23,2.5795454545454546,8.607954545454545,Poseidon,154,9,42,2021-06-12 00:00:00,3
291,ÈíùÈíù,Saturn Systems,4,2020-08-31 15:05:21,59.0,307,Point Luna,21,2.0952380952380953,23,2.029315960912052,7.635179153094462,Brotherhood of Mutants,177,6,183,2021-04-25 00:00:00,6
292,‰πôÊú®,Manutech,3,2020-08-31 15:05:21,17.0,389,Point Luna,32,2.4375,23,2.2519280205655527,8.077120822622108,Chaos,225,10,188,2021-04-11 00:00:00,5
